use [Quản lý trung tâm học thêm]
GO
INSERT INTO MUCHOCPHI VALUES
	('MHP001', 55000),
	('MHP002', 60000),
	('MHP003', 65000),
	('MHP004', 70000),
	('MHP005', 75000),
	('MHP006', 80000)

GO
INSERT INTO MUCTHANHTOAN VALUES
	('MTT001', 0.4),
	('MTT002', 0.45),
	('MTT003', 0.5),
	('MTT004', 0.55),
	('MTT005', 0.6),
	('MTT006', 0.65)

GO
INSERT INTO HOCVIEN VALUES
	('HV0001', N'Nguyễn Văn 1', '0335540001', '20040101', N'Số 1 đường Hoàng Quốc Việt', N'Nam'),
	('HV0002', N'Nguyễn Thị 2', '0335540002', '20040201', N'Số 2 đường Hoàng Quốc Việt', N'Nữ'),
	('HV0003', N'Nguyễn Văn 3', '0335540003', '20030301', N'Số 3 đường Hoàng Quốc Việt', N'Nam'),
	('HV0004', N'Nguyễn Văn 4', '0335540004', '20050401', N'Số 4 đường Hoàng Quốc Việt', N'Nam'),
	('HV0005', N'Nguyễn Thị 5', '0335540005', '20050501', N'Số 5 đường Hoàng Quốc Việt', N'Nữ'),
	('HV0006', N'Nguyễn Văn 6', '0335540006', '20050601', N'Số 6 đường Hoàng Quốc Việt', N'Nam'),
	('HV0007', N'Nguyễn Thị 7', '0335540007', '20030701', N'Số 7 đường Hoàng Quốc Việt', N'Nữ'),
	('HV0008', N'Nguyễn Thị 8', '0335540008', '20040801', N'Số 8 đường Hoàng Quốc Việt', N'Nữ'),
	('HV0009', N'Nguyễn Văn 9', '0335540009', '20040901', N'Số 9 đường Hoàng Quốc Việt', N'Nam'),
	('HV0010', N'Nguyễn Thị 10', '0335540010', '20031001', N'Số 10 đường Hoàng Quốc Việt', N'Nữ'),
	('HV0011', N'Nguyễn Văn 11', '0335540011', '20051101', N'Số 11 đường Hoàng Quốc Việt', N'Nam'),
	('HV0012', N'Nguyễn Văn 12', '0335540012', '20041201', N'Số 12 đường Hoàng Quốc Việt', N'Nam'),
	('HV0013', N'Nguyễn Thị 13', '0335540013', '20030102', N'Số 13 đường Hoàng Quốc Việt', N'Nữ'),
	('HV0014', N'Nguyễn Văn 14', '0335540014', '20050103', N'Số 14 đường Hoàng Quốc Việt', N'Nam'),
	('HV0015', N'Nguyễn Văn 15', '0335540015', '20040210', N'Số 15 đường Hoàng Quốc Việt', N'Nam'),
	('HV0016', N'Nguyễn Thị 16', '0335540016', '20040211', N'Số 16 đường Hoàng Quốc Việt', N'Nữ'),
	('HV0017', N'Nguyễn Thị 17', '0335540017', '20030212', N'Số 17 đường Hoàng Quốc Việt', N'Nữ'),
	('HV0018', N'Nguyễn Văn 18', '0335540018', '20050304', N'Số 18 đường Hoàng Quốc Việt', N'Nam'),
	('HV0019', N'Nguyễn Thị 19', '0335540019', '20040307', N'Số 19 đường Hoàng Quốc Việt', N'Nữ'),
	('HV0020', N'Nguyễn Văn 20', '0335540020', '20030310', N'Số 20 đường Hoàng Quốc Việt', N'Nam'),
	('HV0021', N'Nguyễn Thị 21', '0335540021', '20040415', N'Số 21 đường Hoàng Quốc Việt', N'Nữ'),
	('HV0022', N'Nguyễn Văn 22', '0335540022', '20050419', N'Số 22 đường Hoàng Quốc Việt', N'Nam'),
	('HV0023', N'Nguyễn Văn 23', '0335540023', '20040423', N'Số 23 đường Hoàng Quốc Việt', N'Nam'),
	('HV0024', N'Nguyễn Văn 24', '0335540024', '20030530', N'Số 24 đường Hoàng Quốc Việt', N'Nam'),
	('HV0025', N'Nguyễn Thị 25', '0335540025', '20050523', N'Số 25 đường Hoàng Quốc Việt', N'Nữ'),
	('HV0026', N'Nguyễn Thị 26', '0335540026', '20040608', N'Số 26 đường Phạm Văn Đồng', N'Nữ'),
	('HV0027', N'Nguyễn Thị 27', '0335540027', '20040602', N'Số 27 đường Phạm Văn Đồng', N'Nữ'),
	('HV0028', N'Nguyễn Văn 28', '0335540028', '20050601', N'Số 28 đường Phạm Văn Đồng', N'Nam'),
	('HV0029', N'Nguyễn Thị 29', '0335540029', '20050704', N'Số 29 đường Phạm Văn Đồng', N'Nữ'),
	('HV0030', N'Nguyễn Văn 30', '0335540030', '20050705', N'Số 30 đường Phạm Văn Đồng', N'Nam'),
	('HV0031', N'Nguyễn Văn 31', '0335540031', '20030715', N'Số 31 đường Phạm Văn Đồng', N'Nam'),
	('HV0032', N'Nguyễn Thị 32', '0335540032', '20030810', N'Số 32 đường Phạm Văn Đồng', N'Nữ'),
	('HV0033', N'Nguyễn Thị 33', '0335540033', '20040815', N'Số 33 đường Phạm Văn Đồng', N'Nữ'),
	('HV0034', N'Nguyễn Văn 34', '0335540034', '20030825', N'Số 34 đường Phạm Văn Đồng', N'Nam'),
	('HV0035', N'Nguyễn Văn 35', '0335540035', '20050905', N'Số 35 đường Phạm Văn Đồng', N'Nam'),
	('HV0036', N'Nguyễn Thị 36', '0335540036', '20050920', N'Số 36 đường Phạm Văn Đồng', N'Nữ'),
	('HV0037', N'Nguyễn Văn 37', '0335540037', '20030924', N'Số 37 đường Phạm Văn Đồng', N'Nam'),
	('HV0038', N'Nguyễn Thị 38', '0335540038', '20031030', N'Số 38 đường Phạm Văn Đồng', N'Nữ'),
	('HV0039', N'Nguyễn Thị 39', '0335540039', '20041012', N'Số 39 đường Phạm Văn Đồng', N'Nữ'),
	('HV0040', N'Nguyễn Văn 40', '0335540040', '20041016', N'Số 40 đường Phạm Văn Đồng', N'Nam')

GO
INSERT INTO HOCVIEN_LOPHOC VALUES
	('HV0004', 'LH0001'),
	('HV0005', 'LH0001'),
	('HV0006', 'LH0001'),
	('HV0007', 'LH0001'),
	('HV0008', 'LH0001'),
	('HV0009', 'LH0001'),
	('HV0010', 'LH0001'),
	('HV0011', 'LH0001'),
	('HV0012', 'LH0001'),
	('HV0021', 'LH0004'),
	('HV0022', 'LH0004'),
	('HV0023', 'LH0004'),
	('HV0024', 'LH0004'),
	('HV0025', 'LH0004'),
	('HV0026', 'LH0004'),
	('HV0027', 'LH0004'),
	('HV0028', 'LH0004'),
	('HV0029', 'LH0004'),
	('HV0030', 'LH0004'),
	('HV0031', 'LH0007'),
	('HV0032', 'LH0007'),
	('HV0033', 'LH0007'),
	('HV0034', 'LH0007'),
	('HV0035', 'LH0007'),
	('HV0036', 'LH0007'),
	('HV0037', 'LH0007'),
	('HV0038', 'LH0007'),
	('HV0039', 'LH0007'),
	('HV0040', 'LH0007'),
	('HV0001', 'LH0002'),
	('HV0002', 'LH0002'),
	('HV0003', 'LH0002'),
	('HV0004', 'LH0002'),
	('HV0005', 'LH0002'),
	('HV0006', 'LH0002'),
	('HV0007', 'LH0002'),
	('HV0008', 'LH0002'),
	('HV0009', 'LH0002'),
	('HV0010', 'LH0002'),
	('HV0011', 'LH0002'),
	('HV0012', 'LH0002'),
	('HV0013', 'LH0002'),
	('HV0023', 'LH0005'),
	('HV0024', 'LH0005'),
	('HV0025', 'LH0005'),
	('HV0026', 'LH0005'),
	('HV0027', 'LH0005'),
	('HV0028', 'LH0005'),
	('HV0029', 'LH0005'),
	('HV0030', 'LH0005'),
	('HV0031', 'LH0005'),
	('HV0032', 'LH0008'),
	('HV0033', 'LH0008'),
	('HV0034', 'LH0008'),
	('HV0035', 'LH0008'),
	('HV0036', 'LH0008'),
	('HV0037', 'LH0008'),
	('HV0038', 'LH0008'),
	('HV0039', 'LH0008'),
	('HV0040', 'LH0008'),
	('HV0001', 'LH0003'),
	('HV0002', 'LH0003'),
	('HV0003', 'LH0003'),
	('HV0004', 'LH0003'),
	('HV0005', 'LH0003'),
	('HV0006', 'LH0003'),
	('HV0007', 'LH0003'),
	('HV0008', 'LH0003'),
	('HV0009', 'LH0003'),
	('HV0010', 'LH0003'),
	('HV0011', 'LH0003'),
	('HV0012', 'LH0003'),
	('HV0013', 'LH0003'),
	('HV0014', 'LH0003'),
	('HV0015', 'LH0003'),
	('HV0016', 'LH0003'),
	('HV0017', 'LH0006'),
	('HV0018', 'LH0006'),
	('HV0019', 'LH0006'),
	('HV0020', 'LH0006'),
	('HV0021', 'LH0006'),
	('HV0022', 'LH0006'),
	('HV0023', 'LH0006'),
	('HV0024', 'LH0006'),
	('HV0025', 'LH0006'),
	('HV0026', 'LH0006'),
	('HV0027', 'LH0006'),
	('HV0028', 'LH0006'),
	('HV0029', 'LH0006'),
	('HV0030', 'LH0009'),
	('HV0031', 'LH0009'),
	('HV0032', 'LH0009'),
	('HV0033', 'LH0009'),
	('HV0034', 'LH0009'),
	('HV0035', 'LH0009'),
	('HV0036', 'LH0009'),
	('HV0037', 'LH0009'),
	('HV0038', 'LH0009'),
	('HV0039', 'LH0009'),
	('HV0040', 'LH0009')


GO
INSERT INTO THONGTINNO VALUES
	('MN0001', 0, 'HV0001'),
	('MN0002', 2, 'HV0002'),
	('MN0003', 2, 'HV0003'),
	('MN0004', 2, 'HV0004'),
	('MN0005', 1, 'HV0005'),
	('MN0006', 1, 'HV0006'),
	('MN0007', 2, 'HV0007'),
	('MN0008', 1, 'HV0008'),
	('MN0009', 1, 'HV0009'),
	('MN0010', 2, 'HV0010'),
	('MN0011', 2, 'HV0011'),
	('MN0012', 0, 'HV0012'),
	('MN0013', 0, 'HV0013'),
	('MN0014', 0, 'HV0014'),
	('MN0015', 0, 'HV0015'),
	('MN0016', 1, 'HV0016'),
	('MN0017', 2, 'HV0017'),
	('MN0018', 0, 'HV0018'),
	('MN0019', 0, 'HV0019'),
	('MN0020', 1, 'HV0020'),
	('MN0021', 0, 'HV0021'),
	('MN0022', 1, 'HV0022'),
	('MN0023', 2, 'HV0023'),
	('MN0024', 1, 'HV0024'),
	('MN0025', 2, 'HV0025'),
	('MN0026', 1, 'HV0026'),
	('MN0027', 2, 'HV0027'),
	('MN0028', 0, 'HV0028'),
	('MN0029', 0, 'HV0029'),
	('MN0030', 1, 'HV0030'),
	('MN0031', 1, 'HV0031'),
	('MN0032', 2, 'HV0032'),
	('MN0033', 2, 'HV0033'),
	('MN0034', 0, 'HV0034'),
	('MN0035', 1, 'HV0035'),
	('MN0036', 2, 'HV0036'),
	('MN0037', 2, 'HV0037'),
	('MN0038', 1, 'HV0038'),
	('MN0039', 2, 'HV0039'),
	('MN0040', 2, 'HV0040')


GO
INSERT INTO GIAOVIEN VALUES 
	('GV0001', N'Lê Văn 1', '0348270001', '19901103', N'Số 1 Hồ Tùng Mậu', N'Nam', 'MTT001'),
	('GV0002', N'Đỗ Thị 2', '0348270002', '19860913', N'Số 2 Hồ Tùng Mậu', N'Nữ', 'MTT002'),
	('GV0003', N'Nguyễn Trần 3', '0348270003', '19881114', N'Số 3 Hồ Tùng Mậu', N'Nữ', 'MTT002'),
	('GV0004', N'Bùi Văn 4', '0348270004', '19891223', N'Số 4 Hồ Tùng Mậu', N'Nam', 'MTT005'),
	('GV0005', N'Lê Thị 5', '0348270005', '19920305', N'Số 5 Hồ Tùng Mậu', N'Nữ', 'MTT005'),
	('GV0006', N'Hoàng Trung 6', '0348270006', '19930711', N'Số 6 Hồ Tùng Mậu', N'Nam', 'MTT003'),
	('GV0007', N'Trần Đình 7', '0348270007', '19850314', N'Số 7 Hồ Tùng Mậu', N'Nam', 'MTT006'),
	('GV0008', N'Bùi Lê 8', '0348270008', '19840130', N'Số 8 Hồ Tùng Mậu', N'Nữ', 'MTT001'),
	('GV0009', N'Mạc Văn 9', '0348270009', '1987/04/16', N'Số 9 Hồ Tùng Mậu', N'Nam', 'MTT004')

GO
INSERT INTO BIENLAITRALUONG VALUES
	('BL1001', '20201002', 12000000, 'GV0001'),
	('BL1002', '20201002', 14000000, 'GV0002'),
	('BL1003', '20201002', 15000000, 'GV0003'),
	('BL1004', '20201003', 15500000, 'GV0004'),
	('BL1005', '20201003', 13500000, 'GV0005'),
	('BL1006', '20201004', 12500000, 'GV0006'),
	('BL1007', '20201001', 11500000, 'GV0007'),
	('BL1008', '20201004', 13800000, 'GV0008'),
	('BL1009', '20201003', 11500000, 'GV0009'),
	('BL1010', '20201103', 13000000, 'GV0001'),
	('BL1011', '20200303', 15000000, 'GV0002'),
	('BL1012', '20200304', 13700000, 'GV0003'),
	('BL1013', '20200305', 12800000, 'GV0004'),
	('BL1014', '20200306', 13800000, 'GV0005'),
	('BL1015', '20200304', 17100000, 'GV0006'),
	('BL1016', '20200305', 14800000, 'GV0007'),
	('BL1017', '20200306', 14200000, 'GV0008'),
	('BL1018', '20200304', 13400000, 'GV0009')

GO
INSERT INTO BIENLAITHUHOCPHI VALUES
	('BL20070101', '20200728', 480000, 7, 'HV0001'),
	('BL20080101', '20200829', 400000, 8,'HV0001'),
	('BL20090101', '20200930', 520000, 9,'HV0001'),
	('BL20070201', '20200728', 480000, 7,'HV0002'),
	('BL20070301', '20200728', 480000, 7,'HV0003'),
	('BL20070401', '20200730', 450000, 7,'HV0004'),
	('BL20070501', '20200729', 480000, 7,'HV0005'),
	('BL20080501', '20200830', 500000, 8,'HV0005'),
	('BL20070601', '20200729', 500000, 7,'HV0006'),
	('BL20080601', '20200829', 480000, 8,'HV0006'),
	('BL20070701', '20200730', 460000, 7,'HV0007'),
	('BL20070801', '20200729', 480000, 7,'HV0008'),
	('BL20080801', '20200830', 480000, 8,'HV0008'),
	('BL20070901', '20200728', 480000, 7,'HV0009'),
	('BL20080001', '20200830', 450000, 8,'HV0009'),
	('BL20071001', '20200728', 480000, 7,'HV0010'),
	('BL20071101', '20200728', 480000, 7,'HV0011'),
	('BL20071201', '20200728', 480000, 7,'HV0012'),
	('BL20081201', '20200829', 480000, 8,'HV0012'),
	('BL20091201', '20200930', 480000, 9,'HV0012'),
	('BL20071301', '20200728', 480000, 7,'HV0013'),
	('BL20081301', '20200829', 480000, 8,'HV0013'),
	('BL20091301', '20200930', 480000, 9,'HV0013'),
	('BL20071401', '20200730', 460000, 7,'HV0014'),
	('BL20081401', '20200830', 520000, 8,'HV0014'),
	('BL20091401', '20200930', 480000, 9,'HV0014'),
	('BL20071501', '20200930', 540000, 7,'HV0015'),
	('BL20081501', '20200930', 560000, 8,'HV0015'),
	('BL20091501', '20200930', 460000, 9,'HV0015'),
	('BL20071601', '20200730', 580000, 7,'HV0016'),
	('BL20081601', '20200830', 480000, 8,'HV0016'),
	('BL20071701', '20200730', 480000, 7,'HV0017'),
	('BL20071801', '20200730', 580000, 7,'HV0018'),
	('BL20081801', '20200830', 520000, 8,'HV0018'),
	('BL20091801', '20200930', 480000, 9,'HV0018'),
	('BL20071901', '20200729', 520000, 7,'HV0019'),
	('BL20081901', '20200830', 500000, 8,'HV0019'),
	('BL20091901', '20200930', 460000, 9,'HV0019'),
	('BL20072001', '20200728', 480000, 7,'HV0020'),
	('BL20082001', '20200830', 480000, 8,'HV0020'),
	('BL20072101', '20200730', 500000, 7,'HV0021'),
	('BL20082101', '20200830', 600000, 8,'HV0021'),
	('BL20092101', '20200930', 420000, 9,'HV0021'),
	('BL20072201', '20200730', 460000, 7,'HV0022'),
	('BL20082201', '20200830', 540000, 8,'HV0022'),
	('BL20072301', '20200730', 480000, 7,'HV0023'),
	('BL20072401', '20200730', 480000, 7,'HV0024'),
	('BL20082401', '20200830', 480000, 8,'HV0024'),
	('BL20072501', '20200730', 480000, 7,'HV0025'),
	('BL20072601', '20200730', 580000, 7,'HV0026'),
	('BL20082601', '20200830', 480000, 8,'HV0026'),
	('BL20072701', '20200730', 480000, 7,'HV0027'),
	('BL20072801', '20200730', 580000, 7,'HV0028'),
	('BL20082801', '20200830', 460000, 8,'HV0028'),
	('BL20092801', '20200830', 520000, 9,'HV0028'),
	('BL20072901', '20200730', 580000, 7,'HV0029'),
	('BL20082901', '20200830', 600000, 8,'HV0029'),
	('BL20092901', '20200930', 500000, 9,'HV0029'),
	('BL20073001', '20200730', 580000, 7,'HV0030'),
	('BL20083001', '20200830', 480000, 8,'HV0030'),
	('BL20073101', '20200730', 520000, 7,'HV0031'),
	('BL20083101', '20200830', 480000, 8,'HV0031'),
	('BL20073201', '20200730', 480000, 7,'HV0032'),
	('BL20073301', '20200730', 480000, 7,'HV0033'),
	('BL20073401', '20200730', 580000, 7,'HV0034'),
	('BL20083401', '20200830', 600000, 8,'HV0034'),
	('BL20093401', '20200930', 480000, 9,'HV0034'),
	('BL20073501', '20200730', 580000, 7,'HV0035'),
	('BL20083501', '20200830', 480000, 8,'HV0035'),
	('BL20073601', '20200730', 600000, 7,'HV0036'),
	('BL20073701', '20200730', 480000, 7,'HV0037'),
	('BL20073801', '20200730', 580000, 7,'HV0038'),
	('BL20083801', '20200830', 480000, 8,'HV0038'),
	('BL20073901', '20200730', 580000, 7,'HV0039'),
	('BL20074001', '20200730', 520000, 7,'HV0040')

	--DELETE BIENLAITHUHOCPHI

GO
INSERT INTO MONHOC VALUES
	('MH0001', N'Toán'),
	('MH0002', N'Văn'),
	('MH0003', N'Anh')

GO
INSERT INTO LOPHOC VALUES
	('LH0001', N'Toán 10A1', 'MH0001', 'GV0001', 'MHP001'),
	('LH0002', N'Văn 10A1', 'MH0002', 'GV0002', 'MHP002'),
	('LH0003', N'Anh 10A1', 'MH0003', 'GV0003', 'MHP003'),
	('LH0004', N'Toán 11A1', 'MH0001', 'GV0004', 'MHP003'),
	('LH0005', N'Văn 11A1', 'MH0002', 'GV0005', 'MHP003'),
	('LH0006', N'Anh 11A1', 'MH0003', 'GV0006', 'MHP004'),
	('LH0007', N'Toán 12A1', 'MH0001', 'GV0007', 'MHP004'),
	('LH0008', N'Văn 12A1', 'MH0002', 'GV0008', 'MHP005'),
	('LH0009', N'Anh 12A1', 'MH0003', 'GV0009', 'MHP006')

GO
INSERT INTO BUOIHOC VALUES
	-- Tháng 7
	('T10701', '2020/7/2 17:00:00', 'LH0001'),
	('T10702', '2020/7/7 17:00:00', 'LH0001'),
	('T10703', '2020/7/9 17:00:00', 'LH0001'),
	('T10704', '2020/7/14 17:00:00', 'LH0001'),
	('T10705', '2020/7/16 17:00:00', 'LH0001'),
	('T10706', '2020/7/21 17:00:00', 'LH0001'),
	('T10707', '2020/7/23 17:00:00', 'LH0001'),
	('T10708', '2020/7/28 17:00:00', 'LH0001'),
	('T10709', '2020/7/30 17:00:00', 'LH0001'),
	('V10701', '2020/7/2 19:00:00', 'LH0002'),
	('V10702', '2020/7/7 19:00:00', 'LH0002'),
	('V10703', '2020/7/9 19:00:00', 'LH0002'),
	('V10704', '2020/7/14 19:00:00', 'LH0002'),
	('V10705', '2020/7/16 19:00:00', 'LH0002'),
	('V10706', '2020/7/21 19:00:00', 'LH0002'),
	('V10707', '2020/7/23 19:00:00', 'LH0002'),
	('V10708', '2020/7/28 19:00:00', 'LH0002'),
	('V10709', '2020/7/30 19:00:00', 'LH0002'),
	('A10701', '2020/7/2 17:00:00', 'LH0003'),
	('A10702', '2020/7/7 17:00:00', 'LH0003'),
	('A10703', '2020/7/9 17:00:00', 'LH0003'),
	('A10704', '2020/7/14 17:00:00', 'LH0003'),
	('A10705', '2020/7/16 17:00:00', 'LH0003'),
	('A10706', '2020/7/21 17:00:00', 'LH0003'),
	('A10707', '2020/7/23 17:00:00', 'LH0003'),
	('A10708', '2020/7/28 17:00:00', 'LH0003'),
	('A10709', '2020/7/30 17:00:00', 'LH0003'),
	('T20701', '2020/7/1 17:00:00', 'LH0004'),
	('T20702', '2020/7/6 17:00:00', 'LH0004'),
	('T20703', '2020/7/8 17:00:00', 'LH0004'),
	('T20704', '2020/7/13 17:00:00', 'LH0004'),
	('T20705', '2020/7/15 17:00:00', 'LH0004'),
	('T20706', '2020/7/20 17:00:00', 'LH0004'),
	('T20707', '2020/7/22 17:00:00', 'LH0004'),
	('T20708', '2020/7/27 17:00:00', 'LH0004'),
	('T20709', '2020/7/29 17:00:00', 'LH0004'),
	('V20701', '2020/7/1 17:00:00', 'LH0005'),
	('V20702', '2020/7/6 17:00:00', 'LH0005'),
	('V20703', '2020/7/8 17:00:00', 'LH0005'),
	('V20704', '2020/7/13 17:00:00', 'LH0005'),
	('V20705', '2020/7/15 17:00:00', 'LH0005'),
	('V20706', '2020/7/20 17:00:00', 'LH0005'),
	('V20707', '2020/7/22 17:00:00', 'LH0005'),
	('V20708', '2020/7/27 17:00:00', 'LH0005'),
	('V20709', '2020/7/29 17:00:00', 'LH0005'),
	('A20701', '2020/7/2 19:00:00', 'LH0006'),
	('A20702', '2020/7/6 19:00:00', 'LH0006'),
	('A20703', '2020/7/9 19:00:00', 'LH0006'),
	('A20704', '2020/7/13 19:00:00', 'LH0006'),
	('A20705', '2020/7/16 19:00:00', 'LH0006'),
	('A20706', '2020/7/20 19:00:00', 'LH0006'),
	('A20707', '2020/7/23 19:00:00', 'LH0006'),
	('A20708', '2020/7/27 19:00:00', 'LH0006'),
	('A20709', '2020/7/30 19:00:00', 'LH0006'),
	('T30701', '2020/7/3 18:00:00', 'LH0007'),
	('T30702', '2020/7/7 18:00:00', 'LH0007'),
	('T30703', '2020/7/10 18:00:00', 'LH0007'),
	('T30704', '2020/7/14 18:00:00', 'LH0007'),
	('T30705', '2020/7/17 18:00:00', 'LH0007'),
	('T30706', '2020/7/21 18:00:00', 'LH0007'),
	('T30707', '2020/7/24 18:00:00', 'LH0007'),
	('T30708', '2020/7/28 18:00:00', 'LH0007'),
	('T30709', '2020/7/31 18:00:00', 'LH0007'),
	('V30701', '2020/7/2 19:00:00', 'LH0008'),
	('V30702', '2020/7/6 19:00:00', 'LH0008'),
	('V30703', '2020/7/9 19:00:00', 'LH0008'),
	('V30704', '2020/7/13 19:00:00', 'LH0008'),
	('V30705', '2020/7/16 19:00:00', 'LH0008'),
	('V30706', '2020/7/20 19:00:00', 'LH0008'),
	('V30707', '2020/7/23 19:00:00', 'LH0008'),
	('V30708', '2020/7/27 19:00:00', 'LH0008'),
	('V30709', '2020/7/30 19:00:00', 'LH0008'),
	('A30701', '2020/7/1 18:00:00', 'LH0009'),
	('A30702', '2020/7/4 18:00:00', 'LH0009'),
	('A30703', '2020/7/8 18:00:00', 'LH0009'),
	('A30704', '2020/7/11 18:00:00', 'LH0009'),
	('A30705', '2020/7/15 18:00:00', 'LH0009'),
	('A30706', '2020/7/18 18:00:00', 'LH0009'),
	('A30707', '2020/7/22 18:00:00', 'LH0009'),
	('A30708', '2020/7/25 18:00:00', 'LH0009'),
	('A30709', '2020/7/29 18:00:00', 'LH0009'),
	--Tháng 8
	('T10801', '2020/8/4 17:00:00', 'LH0001'),
	('T10802', '2020/8/6 17:00:00', 'LH0001'),
	('T10803', '2020/8/11 17:00:00', 'LH0001'),
	('T10804', '2020/8/13 17:00:00', 'LH0001'),
	('T10805', '2020/8/18 17:00:00', 'LH0001'),
	('T10806', '2020/8/20 17:00:00', 'LH0001'),
	('T10807', '2020/8/25 17:00:00', 'LH0001'),
	('T10808', '2020/8/27 17:00:00', 'LH0001'),
	('V10801', '2020/8/4 19:00:00', 'LH0002'),
	('V10802', '2020/8/6 19:00:00', 'LH0002'),
	('V10803', '2020/8/11 19:00:00', 'LH0002'),
	('V10804', '2020/8/13 19:00:00', 'LH0002'),
	('V10805', '2020/8/18 19:00:00', 'LH0002'),
	('V10806', '2020/8/20 19:00:00', 'LH0002'),
	('V10807', '2020/8/25 19:00:00', 'LH0002'),
	('V10808', '2020/8/27 19:00:00', 'LH0002'),
	('A10801', '2020/8/4 17:00:00', 'LH0003'),
	('A10802', '2020/8/6 17:00:00', 'LH0003'),
	('A10803', '2020/8/11 17:00:00', 'LH0003'),
	('A10804', '2020/8/13 17:00:00', 'LH0003'),
	('A10805', '2020/8/18 17:00:00', 'LH0003'),
	('A10806', '2020/8/20 17:00:00', 'LH0003'),
	('A10807', '2020/8/25 17:00:00', 'LH0003'),
	('A10808', '2020/8/27 17:00:00', 'LH0003'),
	('T20801', '2020/8/3 17:00:00', 'LH0004'),
	('T20802', '2020/8/5 17:00:00', 'LH0004'),
	('T20803', '2020/8/10 17:00:00', 'LH0004'),
	('T20804', '2020/8/12 17:00:00', 'LH0004'),
	('T20805', '2020/8/17 17:00:00', 'LH0004'),
	('T20806', '2020/8/19 17:00:00', 'LH0004'),
	('T20807', '2020/8/24 17:00:00', 'LH0004'),
	('T20808', '2020/8/26 17:00:00', 'LH0004'),
	('T20809', '2020/8/31 17:00:00', 'LH0004'),
	('V20801', '2020/8/3 17:00:00', 'LH0005'),
	('V20802', '2020/8/5 17:00:00', 'LH0005'),
	('V20803', '2020/8/10 17:00:00', 'LH0005'),
	('V20804', '2020/8/12 17:00:00', 'LH0005'),
	('V20805', '2020/8/17 17:00:00', 'LH0005'),
	('V20806', '2020/8/19 17:00:00', 'LH0005'),
	('V20807', '2020/8/24 17:00:00', 'LH0005'),
	('V20808', '2020/8/26 17:00:00', 'LH0005'),
	('V20809', '2020/8/31 17:00:00', 'LH0005'),
	('A20801', '2020/8/3 19:00:00', 'LH0006'),
	('A20802', '2020/8/6 19:00:00', 'LH0006'),
	('A20803', '2020/8/10 19:00:00', 'LH0006'),
	('A20804', '2020/8/13 19:00:00', 'LH0006'),
	('A20805', '2020/8/17 19:00:00', 'LH0006'),
	('A20806', '2020/8/20 19:00:00', 'LH0006'),
	('A20807', '2020/8/24 19:00:00', 'LH0006'),
	('A20808', '2020/8/27 19:00:00', 'LH0006'),
	('A20809', '2020/8/31 19:00:00', 'LH0006'),
	('T30801', '2020/8/4 18:00:00', 'LH0007'),
	('T30802', '2020/8/7 18:00:00', 'LH0007'),
	('T30803', '2020/8/11 18:00:00', 'LH0007'),
	('T30804', '2020/8/14 18:00:00', 'LH0007'),
	('T30805', '2020/8/18 18:00:00', 'LH0007'),
	('T30806', '2020/8/21 18:00:00', 'LH0007'),
	('T30807', '2020/8/25 18:00:00', 'LH0007'),
	('T30808', '2020/8/28 18:00:00', 'LH0007'),
	('V30801', '2020/8/3 19:00:00', 'LH0008'),
	('V30802', '2020/8/6 19:00:00', 'LH0008'),
	('V30803', '2020/8/10 19:00:00', 'LH0008'),
	('V30804', '2020/8/13 19:00:00', 'LH0008'),
	('V30805', '2020/8/17 19:00:00', 'LH0008'),
	('V30806', '2020/8/20 19:00:00', 'LH0008'),
	('V30807', '2020/8/24 19:00:00', 'LH0008'),
	('V30808', '2020/8/27 19:00:00', 'LH0008'),
	('V30809', '2020/8/31 19:00:00', 'LH0008'),
	('A30801', '2020/8/1 18:00:00', 'LH0009'),
	('A30802', '2020/8/5 18:00:00', 'LH0009'),
	('A30803', '2020/8/8 18:00:00', 'LH0009'),
	('A30804', '2020/8/12 18:00:00', 'LH0009'),
	('A30805', '2020/8/15 18:00:00', 'LH0009'),
	('A30806', '2020/8/19 18:00:00', 'LH0009'),
	('A30807', '2020/8/22 18:00:00', 'LH0009'),
	('A30808', '2020/8/26 18:00:00', 'LH0009'),
	('A30809', '2020/8/29 18:00:00', 'LH0009'),
	--Tháng 9
	('T10901', '2020/9/1 17:00:00', 'LH0001'),
	('T10902', '2020/9/3 17:00:00', 'LH0001'),
	('T10903', '2020/9/8 17:00:00', 'LH0001'),
	('T10904', '2020/9/10 17:00:00', 'LH0001'),
	('T10905', '2020/9/15 17:00:00', 'LH0001'),
	('T10906', '2020/9/17 17:00:00', 'LH0001'),
	('T10907', '2020/9/22 17:00:00', 'LH0001'),
	('T10908', '2020/9/24 17:00:00', 'LH0001'),
	('T10909', '2020/9/29 17:00:00', 'LH0001'),
	('V10901', '2020/9/1 19:00:00', 'LH0002'),
	('V10902', '2020/9/3 19:00:00', 'LH0002'),
	('V10903', '2020/9/8 19:00:00', 'LH0002'),
	('V10904', '2020/9/10 19:00:00', 'LH0002'),
	('V10905', '2020/9/15 19:00:00', 'LH0002'),
	('V10906', '2020/9/17 19:00:00', 'LH0002'),
	('V10907', '2020/9/22 19:00:00', 'LH0002'),
	('V10908', '2020/9/24 19:00:00', 'LH0002'),
	('V10909', '2020/9/29 19:00:00', 'LH0002'),
	('A10901', '2020/9/1 17:00:00', 'LH0003'),
	('A10902', '2020/9/3 17:00:00', 'LH0003'),
	('A10903', '2020/9/8 17:00:00', 'LH0003'),
	('A10904', '2020/9/10 17:00:00', 'LH0003'),
	('A10905', '2020/9/15 17:00:00', 'LH0003'),
	('A10906', '2020/9/17 17:00:00', 'LH0003'),
	('A10907', '2020/9/22 17:00:00', 'LH0003'),
	('A10908', '2020/9/24 17:00:00', 'LH0003'),
	('A10909', '2020/9/29 17:00:00', 'LH0003'),
	('T20901', '2020/9/2 17:00:00', 'LH0004'),
	('T20902', '2020/9/7 17:00:00', 'LH0004'),
	('T20903', '2020/9/9 17:00:00', 'LH0004'),
	('T20904', '2020/9/14 17:00:00', 'LH0004'),
	('T20905', '2020/9/16 17:00:00', 'LH0004'),
	('T20906', '2020/9/21 17:00:00', 'LH0004'),
	('T20907', '2020/9/23 17:00:00', 'LH0004'),
	('T20908', '2020/9/28 17:00:00', 'LH0004'),
	('T20909', '2020/9/30 17:00:00', 'LH0004'),
	('V20901', '2020/9/2 17:00:00', 'LH0005'),
	('V20902', '2020/9/7 17:00:00', 'LH0005'),
	('V20903', '2020/9/9 17:00:00', 'LH0005'),
	('V20904', '2020/9/14 17:00:00', 'LH0005'),
	('V20905', '2020/9/16 17:00:00', 'LH0005'),
	('V20906', '2020/9/21 17:00:00', 'LH0005'),
	('V20907', '2020/9/23 17:00:00', 'LH0005'),
	('V20908', '2020/9/28 17:00:00', 'LH0005'),
	('V20909', '2020/9/30 17:00:00', 'LH0005'),
	('A20901', '2020/9/3 19:00:00', 'LH0006'),
	('A20902', '2020/9/7 19:00:00', 'LH0006'),
	('A20903', '2020/9/10 19:00:00', 'LH0006'),
	('A20904', '2020/9/14 19:00:00', 'LH0006'),
	('A20905', '2020/9/17 19:00:00', 'LH0006'),
	('A20906', '2020/9/21 19:00:00', 'LH0006'),
	('A20907', '2020/9/24 19:00:00', 'LH0006'),
	('A20908', '2020/9/28 19:00:00', 'LH0006'),
	('T30901', '2020/9/1 18:00:00', 'LH0007'),
	('T30902', '2020/9/4 18:00:00', 'LH0007'),
	('T30903', '2020/9/8 18:00:00', 'LH0007'),
	('T30904', '2020/9/11 18:00:00', 'LH0007'),
	('T30905', '2020/9/15 18:00:00', 'LH0007'),
	('T30906', '2020/9/18 18:00:00', 'LH0007'),
	('T30907', '2020/9/22 18:00:00', 'LH0007'),
	('T30908', '2020/9/25 18:00:00', 'LH0007'),
	('T30909', '2020/9/29 18:00:00', 'LH0007'),
	('V30901', '2020/9/3 19:00:00', 'LH0008'),
	('V30902', '2020/9/7 19:00:00', 'LH0008'),
	('V30903', '2020/9/10 19:00:00', 'LH0008'),
	('V30904', '2020/9/14 19:00:00', 'LH0008'),
	('V30905', '2020/9/17 19:00:00', 'LH0008'),
	('V30906', '2020/9/21 19:00:00', 'LH0008'),
	('V30907', '2020/9/24 19:00:00', 'LH0008'),
	('V30908', '2020/9/28 19:00:00', 'LH0008'),
	('A30901', '2020/9/2 18:00:00', 'LH0009'),
	('A30902', '2020/9/5 18:00:00', 'LH0009'),
	('A30903', '2020/9/9 18:00:00', 'LH0009'),
	('A30904', '2020/9/12 18:00:00', 'LH0009'),
	('A30905', '2020/9/16 18:00:00', 'LH0009'),
	('A30906', '2020/9/19 18:00:00', 'LH0009'),
	('A30907', '2020/9/23 18:00:00', 'LH0009'),
	('A30908', '2020/9/26 18:00:00', 'LH0009'),
	('A30909', '2020/9/30 18:00:00', 'LH0009')

--Tháng 7
GO
INSERT INTO DIEMDANH VALUES
	('T10701', 'HV0004', 0),
	('T10701', 'HV0005', 1),
	('T10701', 'HV0006', 1),
	('T10701', 'HV0007', 1),
	('T10701', 'HV0008', 0),
	('T10701', 'HV0009', 0),
	('T10701', 'HV0010', 0),
	('T10701', 'HV0011', 0),
	('T10701', 'HV0012', 1),
	('T10702', 'HV0004', 1),
	('T10702', 'HV0005', 1),
	('T10702', 'HV0006', 1),
	('T10702', 'HV0007', 0),
	('T10702', 'HV0008', 1),
	('T10702', 'HV0009', 0),
	('T10702', 'HV0010', 1),
	('T10702', 'HV0011', 0),
	('T10702', 'HV0012', 1),
	('T10703', 'HV0004', 1),
	('T10703', 'HV0005', 0),
	('T10703', 'HV0006', 0),
	('T10703', 'HV0007', 1),
	('T10703', 'HV0008', 0),
	('T10703', 'HV0009', 1),
	('T10703', 'HV0010', 1),
	('T10703', 'HV0011', 1),
	('T10703', 'HV0012', 0),
	('T10704', 'HV0004', 1),
	('T10704', 'HV0005', 1),
	('T10704', 'HV0006', 0),
	('T10704', 'HV0007', 1),
	('T10704', 'HV0008', 1),
	('T10704', 'HV0009', 0),
	('T10704', 'HV0010', 1),
	('T10704', 'HV0011', 1),
	('T10704', 'HV0012', 1),
	('T10705', 'HV0004', 1),
	('T10705', 'HV0005', 0),
	('T10705', 'HV0006', 1),
	('T10705', 'HV0007', 0),
	('T10705', 'HV0008', 0),
	('T10705', 'HV0009', 0),
	('T10705', 'HV0010', 0),
	('T10705', 'HV0011', 0),
	('T10705', 'HV0012', 1),
	('T10706', 'HV0004', 1),
	('T10706', 'HV0005', 0),
	('T10706', 'HV0006', 1),
	('T10706', 'HV0007', 1),
	('T10706', 'HV0008', 0),
	('T10706', 'HV0009', 0),
	('T10706', 'HV0010', 0),
	('T10706', 'HV0011', 1),
	('T10706', 'HV0012', 0),
	('T10707', 'HV0004', 1),
	('T10707', 'HV0005', 0),
	('T10707', 'HV0006', 0),
	('T10707', 'HV0007', 1),
	('T10707', 'HV0008', 1),
	('T10707', 'HV0009', 1),
	('T10707', 'HV0010', 1),
	('T10707', 'HV0011', 0),
	('T10707', 'HV0012', 0),
	('T10708', 'HV0004', 0),
	('T10708', 'HV0005', 0),
	('T10708', 'HV0006', 0),
	('T10708', 'HV0007', 0),
	('T10708', 'HV0008', 0),
	('T10708', 'HV0009', 0),
	('T10708', 'HV0010', 1),
	('T10708', 'HV0011', 1),
	('T10708', 'HV0012', 0),
	('T10709', 'HV0004', 1),
	('T10709', 'HV0005', 1),
	('T10709', 'HV0006', 0),
	('T10709', 'HV0007', 0),
	('T10709', 'HV0008', 0),
	('T10709', 'HV0009', 1),
	('T10709', 'HV0010', 0),
	('T10709', 'HV0011', 1),
	('T10709', 'HV0012', 1),
	('T20701', 'HV0021', 1),
	('T20701', 'HV0022', 1),
	('T20701', 'HV0023', 1),
	('T20701', 'HV0024', 1),
	('T20701', 'HV0025', 0),
	('T20701', 'HV0026', 1),
	('T20701', 'HV0027', 1),
	('T20701', 'HV0028', 0),
	('T20701', 'HV0029', 0),
	('T20701', 'HV0030', 1),
	('T20702', 'HV0021', 0),
	('T20702', 'HV0022', 1),
	('T20702', 'HV0023', 1),
	('T20702', 'HV0024', 1),
	('T20702', 'HV0025', 1),
	('T20702', 'HV0026', 0),
	('T20702', 'HV0027', 0),
	('T20702', 'HV0028', 1),
	('T20702', 'HV0029', 0),
	('T20702', 'HV0030', 1),
	('T20703', 'HV0021', 0),
	('T20703', 'HV0022', 1),
	('T20703', 'HV0023', 1),
	('T20703', 'HV0024', 1),
	('T20703', 'HV0025', 1),
	('T20703', 'HV0026', 1),
	('T20703', 'HV0027', 0),
	('T20703', 'HV0028', 0),
	('T20703', 'HV0029', 1),
	('T20703', 'HV0030', 0),
	('T20704', 'HV0021', 0),
	('T20704', 'HV0022', 1),
	('T20704', 'HV0023', 1),
	('T20704', 'HV0024', 0),
	('T20704', 'HV0025', 1),
	('T20704', 'HV0026', 1),
	('T20704', 'HV0027', 1),
	('T20704', 'HV0028', 0),
	('T20704', 'HV0029', 1),
	('T20704', 'HV0030', 0),
	('T20705', 'HV0021', 1),
	('T20705', 'HV0022', 1),
	('T20705', 'HV0023', 1),
	('T20705', 'HV0024', 1),
	('T20705', 'HV0025', 0),
	('T20705', 'HV0026', 1),
	('T20705', 'HV0027', 1),
	('T20705', 'HV0028', 0),
	('T20705', 'HV0029', 0),
	('T20705', 'HV0030', 1),
	('T20706', 'HV0021', 0),
	('T20706', 'HV0022', 1),
	('T20706', 'HV0023', 0),
	('T20706', 'HV0024', 1),
	('T20706', 'HV0025', 0),
	('T20706', 'HV0026', 0),
	('T20706', 'HV0027', 0),
	('T20706', 'HV0028', 0),
	('T20706', 'HV0029', 1),
	('T20706', 'HV0030', 1),
	('T20707', 'HV0021', 1),
	('T20707', 'HV0022', 0),
	('T20707', 'HV0023', 1),
	('T20707', 'HV0024', 1),
	('T20707', 'HV0025', 0),
	('T20707', 'HV0026', 1),
	('T20707', 'HV0027', 0),
	('T20707', 'HV0028', 0),
	('T20707', 'HV0029', 1),
	('T20707', 'HV0030', 1),
	('T20708', 'HV0021', 1),
	('T20708', 'HV0022', 0),
	('T20708', 'HV0023', 0),
	('T20708', 'HV0024', 0),
	('T20708', 'HV0025', 1),
	('T20708', 'HV0026', 0),
	('T20708', 'HV0027', 1),
	('T20708', 'HV0028', 0),
	('T20708', 'HV0029', 0),
	('T20708', 'HV0030', 0),
	('T20709', 'HV0021', 0),
	('T20709', 'HV0022', 1),
	('T20709', 'HV0023', 0),
	('T20709', 'HV0024', 1),
	('T20709', 'HV0025', 1),
	('T20709', 'HV0026', 0),
	('T20709', 'HV0027', 1),
	('T20709', 'HV0028', 0),
	('T20709', 'HV0029', 1),
	('T20709', 'HV0030', 0),
	('T30701', 'HV0031', 1),
	('T30701', 'HV0032', 1),
	('T30701', 'HV0033', 1),
	('T30701', 'HV0034', 1),
	('T30701', 'HV0035', 1),
	('T30701', 'HV0036', 1),
	('T30701', 'HV0037', 0),
	('T30701', 'HV0038', 1),
	('T30701', 'HV0039', 1),
	('T30701', 'HV0040', 0),
	('T30702', 'HV0031', 0),
	('T30702', 'HV0032', 0),
	('T30702', 'HV0033', 1),
	('T30702', 'HV0034', 1),
	('T30702', 'HV0035', 0),
	('T30702', 'HV0036', 0),
	('T30702', 'HV0037', 1),
	('T30702', 'HV0038', 0),
	('T30702', 'HV0039', 0),
	('T30702', 'HV0040', 0),
	('T30703', 'HV0031', 1),
	('T30703', 'HV0032', 0),
	('T30703', 'HV0033', 1),
	('T30703', 'HV0034', 0),
	('T30703', 'HV0035', 0),
	('T30703', 'HV0036', 0),
	('T30703', 'HV0037', 1),
	('T30703', 'HV0038', 1),
	('T30703', 'HV0039', 0),
	('T30703', 'HV0040', 1),
	('T30704', 'HV0031', 1),
	('T30704', 'HV0032', 0),
	('T30704', 'HV0033', 1),
	('T30704', 'HV0034', 1),
	('T30704', 'HV0035', 1),
	('T30704', 'HV0036', 0),
	('T30704', 'HV0037', 0),
	('T30704', 'HV0038', 0),
	('T30704', 'HV0039', 0),
	('T30704', 'HV0040', 0),
	('T30705', 'HV0031', 0),
	('T30705', 'HV0032', 0),
	('T30705', 'HV0033', 1),
	('T30705', 'HV0034', 1),
	('T30705', 'HV0035', 1),
	('T30705', 'HV0036', 0),
	('T30705', 'HV0037', 1),
	('T30705', 'HV0038', 0),
	('T30705', 'HV0039', 0),
	('T30705', 'HV0040', 1),
	('T30706', 'HV0031', 1),
	('T30706', 'HV0032', 0),
	('T30706', 'HV0033', 0),
	('T30706', 'HV0034', 0),
	('T30706', 'HV0035', 0),
	('T30706', 'HV0036', 1),
	('T30706', 'HV0037', 0),
	('T30706', 'HV0038', 1),
	('T30706', 'HV0039', 1),
	('T30706', 'HV0040', 1),
	('T30707', 'HV0031', 0),
	('T30707', 'HV0032', 1),
	('T30707', 'HV0033', 0),
	('T30707', 'HV0034', 0),
	('T30707', 'HV0035', 1),
	('T30707', 'HV0036', 0),
	('T30707', 'HV0037', 1),
	('T30707', 'HV0038', 1),
	('T30707', 'HV0039', 0),
	('T30707', 'HV0040', 1),
	('T30708', 'HV0031', 1),
	('T30708', 'HV0032', 0),
	('T30708', 'HV0033', 1),
	('T30708', 'HV0034', 1),
	('T30708', 'HV0035', 0),
	('T30708', 'HV0036', 0),
	('T30708', 'HV0037', 0),
	('T30708', 'HV0038', 0),
	('T30708', 'HV0039', 1),
	('T30708', 'HV0040', 0),
	('T30709', 'HV0031', 1),
	('T30709', 'HV0032', 1),
	('T30709', 'HV0033', 0),
	('T30709', 'HV0034', 1),
	('T30709', 'HV0035', 0),
	('T30709', 'HV0036', 0),
	('T30709', 'HV0037', 1),
	('T30709', 'HV0038', 1),
	('T30709', 'HV0039', 1),
	('T30709', 'HV0040', 0),
	('V10701', 'HV0001', 0),
	('V10701', 'HV0002', 0),
	('V10701', 'HV0003', 1),
	('V10701', 'HV0004', 1),
	('V10701', 'HV0005', 0),
	('V10701', 'HV0006', 1),
	('V10701', 'HV0007', 1),
	('V10701', 'HV0008', 0),
	('V10701', 'HV0009', 1),
	('V10701', 'HV0010', 0),
	('V10701', 'HV0011', 1),
	('V10701', 'HV0012', 0),
	('V10701', 'HV0013', 1),
	('V10701', 'HV0014', 0),
	('V10702', 'HV0001', 1),
	('V10702', 'HV0002', 0),
	('V10702', 'HV0003', 0),
	('V10702', 'HV0004', 1),
	('V10702', 'HV0005', 1),
	('V10702', 'HV0006', 0),
	('V10702', 'HV0007', 1),
	('V10702', 'HV0008', 1),
	('V10702', 'HV0009', 0),
	('V10702', 'HV0010', 1),
	('V10702', 'HV0011', 0),
	('V10702', 'HV0012', 1),
	('V10702', 'HV0013', 1),
	('V10702', 'HV0014', 0),
	('V10703', 'HV0001', 1),
	('V10703', 'HV0002', 0),
	('V10703', 'HV0003', 0),
	('V10703', 'HV0004', 1),
	('V10703', 'HV0005', 1),
	('V10703', 'HV0006', 0),
	('V10703', 'HV0007', 1),
	('V10703', 'HV0008', 0),
	('V10703', 'HV0009', 1),
	('V10703', 'HV0010', 1),
	('V10703', 'HV0011', 0),
	('V10703', 'HV0012', 1),
	('V10703', 'HV0013', 1),
	('V10703', 'HV0014', 1),
	('V10704', 'HV0001', 1),
	('V10704', 'HV0002', 0),
	('V10704', 'HV0003', 1),
	('V10704', 'HV0004', 1),
	('V10704', 'HV0005', 0),
	('V10704', 'HV0006', 1),
	('V10704', 'HV0007', 1),
	('V10704', 'HV0008', 1),
	('V10704', 'HV0009', 0),
	('V10704', 'HV0010', 1),
	('V10704', 'HV0011', 1),
	('V10704', 'HV0012', 1),
	('V10704', 'HV0013', 1),
	('V10704', 'HV0014', 1),
	('V10705', 'HV0001', 0),
	('V10705', 'HV0002', 0),
	('V10705', 'HV0003', 0),
	('V10705', 'HV0004', 0),
	('V10705', 'HV0005', 1),
	('V10705', 'HV0006', 1),
	('V10705', 'HV0007', 1),
	('V10705', 'HV0008', 0),
	('V10705', 'HV0009', 0),
	('V10705', 'HV0010', 0),
	('V10705', 'HV0011', 0),
	('V10705', 'HV0012', 1),
	('V10705', 'HV0013', 1),
	('V10705', 'HV0014', 0),
	('V10706', 'HV0001', 1),
	('V10706', 'HV0002', 1),
	('V10706', 'HV0003', 0),
	('V10706', 'HV0004', 0),
	('V10706', 'HV0005', 0),
	('V10706', 'HV0006', 0),
	('V10706', 'HV0007', 1),
	('V10706', 'HV0008', 0),
	('V10706', 'HV0009', 1),
	('V10706', 'HV0010', 0),
	('V10706', 'HV0011', 1),
	('V10706', 'HV0012', 1),
	('V10706', 'HV0013', 1),
	('V10706', 'HV0014', 0),
	('V10707', 'HV0001', 0),
	('V10707', 'HV0002', 0),
	('V10707', 'HV0003', 1),
	('V10707', 'HV0004', 1),
	('V10707', 'HV0005', 1),
	('V10707', 'HV0006', 1),
	('V10707', 'HV0007', 0),
	('V10707', 'HV0008', 1),
	('V10707', 'HV0009', 1),
	('V10707', 'HV0010', 1),
	('V10707', 'HV0011', 0),
	('V10707', 'HV0012', 1),
	('V10707', 'HV0013', 0),
	('V10707', 'HV0014', 1),
	('V10708', 'HV0001', 0),
	('V10708', 'HV0002', 0),
	('V10708', 'HV0003', 1),
	('V10708', 'HV0004', 1),
	('V10708', 'HV0005', 1),
	('V10708', 'HV0006', 1),
	('V10708', 'HV0007', 1),
	('V10708', 'HV0008', 1),
	('V10708', 'HV0009', 1),
	('V10708', 'HV0010', 1),
	('V10708', 'HV0011', 1),
	('V10708', 'HV0012', 1),
	('V10708', 'HV0013', 1),
	('V10708', 'HV0014', 0),
	('V10709', 'HV0001', 0),
	('V10709', 'HV0002', 1),
	('V10709', 'HV0003', 1),
	('V10709', 'HV0004', 0),
	('V10709', 'HV0005', 0),
	('V10709', 'HV0006', 0),
	('V10709', 'HV0007', 0),
	('V10709', 'HV0008', 0),
	('V10709', 'HV0009', 0),
	('V10709', 'HV0010', 0),
	('V10709', 'HV0011', 1),
	('V10709', 'HV0012', 1),
	('V10709', 'HV0013', 1),
	('V10709', 'HV0014', 0),
	('V20701', 'HV0023', 0),
	('V20701', 'HV0024', 0),
	('V20701', 'HV0025', 1),
	('V20701', 'HV0026', 1),
	('V20701', 'HV0027', 0),
	('V20701', 'HV0028', 1),
	('V20701', 'HV0029', 1),
	('V20701', 'HV0030', 1),
	('V20701', 'HV0031', 0),
	('V20702', 'HV0023', 1),
	('V20702', 'HV0024', 0),
	('V20702', 'HV0025', 0),
	('V20702', 'HV0026', 1),
	('V20702', 'HV0027', 1),
	('V20702', 'HV0028', 0),
	('V20702', 'HV0029', 0),
	('V20702', 'HV0030', 0),
	('V20702', 'HV0031', 1),
	('V20703', 'HV0023', 1),
	('V20703', 'HV0024', 0),
	('V20703', 'HV0025', 0),
	('V20703', 'HV0026', 0),
	('V20703', 'HV0027', 1),
	('V20703', 'HV0028', 0),
	('V20703', 'HV0029', 1),
	('V20703', 'HV0030', 1),
	('V20703', 'HV0031', 0),
	('V20704', 'HV0023', 0),
	('V20704', 'HV0024', 0),
	('V20704', 'HV0025', 0),
	('V20704', 'HV0026', 1),
	('V20704', 'HV0027', 0),
	('V20704', 'HV0028', 0),
	('V20704', 'HV0029', 1),
	('V20704', 'HV0030', 1),
	('V20704', 'HV0031', 1),
	('V20705', 'HV0023', 0),
	('V20705', 'HV0024', 0),
	('V20705', 'HV0025', 0),
	('V20705', 'HV0026', 0),
	('V20705', 'HV0027', 1),
	('V20705', 'HV0028', 0),
	('V20705', 'HV0029', 0),
	('V20705', 'HV0030', 1),
	('V20705', 'HV0031', 0),
	('V20706', 'HV0023', 0),
	('V20706', 'HV0024', 0),
	('V20706', 'HV0025', 0),
	('V20706', 'HV0026', 1),
	('V20706', 'HV0027', 1),
	('V20706', 'HV0028', 0),
	('V20706', 'HV0029', 0),
	('V20706', 'HV0030', 0),
	('V20706', 'HV0031', 1),
	('V20707', 'HV0023', 1),
	('V20707', 'HV0024', 1),
	('V20707', 'HV0025', 0),
	('V20707', 'HV0026', 1),
	('V20707', 'HV0027', 1),
	('V20707', 'HV0028', 0),
	('V20707', 'HV0029', 1),
	('V20707', 'HV0030', 1),
	('V20707', 'HV0031', 1),
	('V20708', 'HV0023', 0),
	('V20708', 'HV0024', 1),
	('V20708', 'HV0025', 1),
	('V20708', 'HV0026', 1),
	('V20708', 'HV0027', 1),
	('V20708', 'HV0028', 1),
	('V20708', 'HV0029', 1),
	('V20708', 'HV0030', 1),
	('V20708', 'HV0031', 0),
	('V20709', 'HV0023', 0),
	('V20709', 'HV0024', 1),
	('V20709', 'HV0025', 1),
	('V20709', 'HV0026', 1),
	('V20709', 'HV0027', 0),
	('V20709', 'HV0028', 1),
	('V20709', 'HV0029', 1),
	('V20709', 'HV0030', 1),
	('V20709', 'HV0031', 0),
	('V30701', 'HV0032', 0),
	('V30701', 'HV0033', 0),
	('V30701', 'HV0034', 0),
	('V30701', 'HV0035', 0),
	('V30701', 'HV0036', 1),
	('V30701', 'HV0037', 1),
	('V30701', 'HV0038', 0),
	('V30701', 'HV0039', 1),
	('V30701', 'HV0040', 0),
	('V30702', 'HV0032', 1),
	('V30702', 'HV0033', 1),
	('V30702', 'HV0034', 1),
	('V30702', 'HV0035', 0),
	('V30702', 'HV0036', 1),
	('V30702', 'HV0037', 1),
	('V30702', 'HV0038', 1),
	('V30702', 'HV0039', 1),
	('V30702', 'HV0040', 0),
	('V30703', 'HV0032', 1),
	('V30703', 'HV0033', 1),
	('V30703', 'HV0034', 1),
	('V30703', 'HV0035', 1),
	('V30703', 'HV0036', 0),
	('V30703', 'HV0037', 0),
	('V30703', 'HV0038', 0),
	('V30703', 'HV0039', 0),
	('V30703', 'HV0040', 1),
	('V30704', 'HV0032', 1),
	('V30704', 'HV0033', 0),
	('V30704', 'HV0034', 0),
	('V30704', 'HV0035', 1),
	('V30704', 'HV0036', 0),
	('V30704', 'HV0037', 0),
	('V30704', 'HV0038', 0),
	('V30704', 'HV0039', 1),
	('V30704', 'HV0040', 0),
	('V30705', 'HV0032', 1),
	('V30705', 'HV0033', 0),
	('V30705', 'HV0034', 1),
	('V30705', 'HV0035', 1),
	('V30705', 'HV0036', 0),
	('V30705', 'HV0037', 1),
	('V30705', 'HV0038', 1),
	('V30705', 'HV0039', 1),
	('V30705', 'HV0040', 0),
	('V30706', 'HV0032', 0),
	('V30706', 'HV0033', 0),
	('V30706', 'HV0034', 1),
	('V30706', 'HV0035', 0),
	('V30706', 'HV0036', 0),
	('V30706', 'HV0037', 0),
	('V30706', 'HV0038', 0),
	('V30706', 'HV0039', 0),
	('V30706', 'HV0040', 1),
	('V30707', 'HV0032', 1),
	('V30707', 'HV0033', 0),
	('V30707', 'HV0034', 0),
	('V30707', 'HV0035', 1),
	('V30707', 'HV0036', 1),
	('V30707', 'HV0037', 0),
	('V30707', 'HV0038', 1),
	('V30707', 'HV0039', 0),
	('V30707', 'HV0040', 1),
	('V30708', 'HV0032', 0),
	('V30708', 'HV0033', 1),
	('V30708', 'HV0034', 1),
	('V30708', 'HV0035', 0),
	('V30708', 'HV0036', 0),
	('V30708', 'HV0037', 1),
	('V30708', 'HV0038', 1),
	('V30708', 'HV0039', 0),
	('V30708', 'HV0040', 0),
	('V30709', 'HV0032', 0),
	('V30709', 'HV0033', 1),
	('V30709', 'HV0034', 0),
	('V30709', 'HV0035', 1),
	('V30709', 'HV0036', 1),
	('V30709', 'HV0037', 1),
	('V30709', 'HV0038', 0),
	('V30709', 'HV0039', 0),
	('V30709', 'HV0040', 0),
	('A10701', 'HV0001', 1),
	('A10701', 'HV0002', 0),
	('A10701', 'HV0003', 1),
	('A10701', 'HV0004', 0),
	('A10701', 'HV0005', 0),
	('A10701', 'HV0006', 1),
	('A10701', 'HV0007', 1),
	('A10701', 'HV0008', 0),
	('A10701', 'HV0009', 1),
	('A10701', 'HV0010', 0),
	('A10701', 'HV0011', 0),
	('A10701', 'HV0012', 1),
	('A10701', 'HV0013', 0),
	('A10701', 'HV0014', 1),
	('A10701', 'HV0015', 0),
	('A10701', 'HV0016', 1),
	('A10702', 'HV0001', 0),
	('A10702', 'HV0002', 1),
	('A10702', 'HV0003', 1),
	('A10702', 'HV0004', 0),
	('A10702', 'HV0005', 0),
	('A10702', 'HV0006', 1),
	('A10702', 'HV0007', 0),
	('A10702', 'HV0008', 0),
	('A10702', 'HV0009', 0),
	('A10702', 'HV0010', 1),
	('A10702', 'HV0011', 1),
	('A10702', 'HV0012', 0),
	('A10702', 'HV0013', 1),
	('A10702', 'HV0014', 0),
	('A10702', 'HV0015', 1),
	('A10702', 'HV0016', 0),
	('A10703', 'HV0001', 0),
	('A10703', 'HV0002', 0),
	('A10703', 'HV0003', 1),
	('A10703', 'HV0004', 0),
	('A10703', 'HV0005', 0),
	('A10703', 'HV0006', 0),
	('A10703', 'HV0007', 1),
	('A10703', 'HV0008', 0),
	('A10703', 'HV0009', 1),
	('A10703', 'HV0010', 0),
	('A10703', 'HV0011', 1),
	('A10703', 'HV0012', 0),
	('A10703', 'HV0013', 0),
	('A10703', 'HV0014', 0),
	('A10703', 'HV0015', 0),
	('A10703', 'HV0016', 0),
	('A10704', 'HV0001', 1),
	('A10704', 'HV0002', 1),
	('A10704', 'HV0003', 0),
	('A10704', 'HV0004', 0),
	('A10704', 'HV0005', 1),
	('A10704', 'HV0006', 1),
	('A10704', 'HV0007', 1),
	('A10704', 'HV0008', 1),
	('A10704', 'HV0009', 1),
	('A10704', 'HV0010', 0),
	('A10704', 'HV0011', 1),
	('A10704', 'HV0012', 0),
	('A10704', 'HV0013', 0),
	('A10704', 'HV0014', 1),
	('A10704', 'HV0015', 0),
	('A10704', 'HV0016', 1),
	('A10705', 'HV0001', 1),
	('A10705', 'HV0002', 0),
	('A10705', 'HV0003', 0),
	('A10705', 'HV0004', 0),
	('A10705', 'HV0005', 1),
	('A10705', 'HV0006', 0),
	('A10705', 'HV0007', 1),
	('A10705', 'HV0008', 1),
	('A10705', 'HV0009', 1),
	('A10705', 'HV0010', 1),
	('A10705', 'HV0011', 0),
	('A10705', 'HV0012', 1),
	('A10705', 'HV0013', 1),
	('A10705', 'HV0014', 1),
	('A10705', 'HV0015', 1),
	('A10705', 'HV0016', 1),
	('A10706', 'HV0001', 1),
	('A10706', 'HV0002', 0),
	('A10706', 'HV0003', 0),
	('A10706', 'HV0004', 1),
	('A10706', 'HV0005', 1),
	('A10706', 'HV0006', 0),
	('A10706', 'HV0007', 0),
	('A10706', 'HV0008', 0),
	('A10706', 'HV0009', 1),
	('A10706', 'HV0010', 1),
	('A10706', 'HV0011', 0),
	('A10706', 'HV0012', 0),
	('A10706', 'HV0013', 0),
	('A10706', 'HV0014', 1),
	('A10706', 'HV0015', 1),
	('A10706', 'HV0016', 1),
	('A10707', 'HV0001', 0),
	('A10707', 'HV0002', 1),
	('A10707', 'HV0003', 0),
	('A10707', 'HV0004', 1),
	('A10707', 'HV0005', 1),
	('A10707', 'HV0006', 0),
	('A10707', 'HV0007', 1),
	('A10707', 'HV0008', 0),
	('A10707', 'HV0009', 0),
	('A10707', 'HV0010', 0),
	('A10707', 'HV0011', 0),
	('A10707', 'HV0012', 0),
	('A10707', 'HV0013', 0),
	('A10707', 'HV0014', 1),
	('A10707', 'HV0015', 1),
	('A10707', 'HV0016', 0),
	('A10708', 'HV0001', 0),
	('A10708', 'HV0002', 0),
	('A10708', 'HV0003', 0),
	('A10708', 'HV0004', 0),
	('A10708', 'HV0005', 1),
	('A10708', 'HV0006', 0),
	('A10708', 'HV0007', 1),
	('A10708', 'HV0008', 1),
	('A10708', 'HV0009', 1),
	('A10708', 'HV0010', 0),
	('A10708', 'HV0011', 1),
	('A10708', 'HV0012', 1),
	('A10708', 'HV0013', 1),
	('A10708', 'HV0014', 0),
	('A10708', 'HV0015', 1),
	('A10708', 'HV0016', 0),
	('A20701', 'HV0017', 0),
	('A20701', 'HV0018', 0),
	('A20701', 'HV0019', 0),
	('A20701', 'HV0020', 1),
	('A20701', 'HV0021', 0),
	('A20701', 'HV0022', 0),
	('A20701', 'HV0023', 0),
	('A20701', 'HV0024', 0),
	('A20701', 'HV0025', 0),
	('A20701', 'HV0026', 0),
	('A20701', 'HV0027', 0),
	('A20701', 'HV0028', 0),
	('A20701', 'HV0029', 1),
	('A20702', 'HV0017', 0),
	('A20702', 'HV0018', 1),
	('A20702', 'HV0019', 1),
	('A20702', 'HV0020', 0),
	('A20702', 'HV0021', 1),
	('A20702', 'HV0022', 1),
	('A20702', 'HV0023', 1),
	('A20702', 'HV0024', 1),
	('A20702', 'HV0025', 1),
	('A20702', 'HV0026', 1),
	('A20702', 'HV0027', 0),
	('A20702', 'HV0028', 1),
	('A20702', 'HV0029', 0),
	('A20703', 'HV0017', 1),
	('A20703', 'HV0018', 1),
	('A20703', 'HV0019', 1),
	('A20703', 'HV0020', 1),
	('A20703', 'HV0021', 1),
	('A20703', 'HV0022', 1),
	('A20703', 'HV0023', 0),
	('A20703', 'HV0024', 0),
	('A20703', 'HV0025', 1),
	('A20703', 'HV0026', 0),
	('A20703', 'HV0027', 0),
	('A20703', 'HV0028', 1),
	('A20703', 'HV0029', 0),
	('A20704', 'HV0017', 1),
	('A20704', 'HV0018', 0),
	('A20704', 'HV0019', 1),
	('A20704', 'HV0020', 0),
	('A20704', 'HV0021', 0),
	('A20704', 'HV0022', 0),
	('A20704', 'HV0023', 1),
	('A20704', 'HV0024', 1),
	('A20704', 'HV0025', 0),
	('A20704', 'HV0026', 0),
	('A20704', 'HV0027', 0),
	('A20704', 'HV0028', 1),
	('A20704', 'HV0029', 1),
	('A20705', 'HV0017', 0),
	('A20705', 'HV0018', 0),
	('A20705', 'HV0019', 0),
	('A20705', 'HV0020', 1),
	('A20705', 'HV0021', 0),
	('A20705', 'HV0022', 0),
	('A20705', 'HV0023', 1),
	('A20705', 'HV0024', 0),
	('A20705', 'HV0025', 1),
	('A20705', 'HV0026', 0),
	('A20705', 'HV0027', 0),
	('A20705', 'HV0028', 0),
	('A20705', 'HV0029', 0),
	('A20706', 'HV0017', 1),
	('A20706', 'HV0018', 0),
	('A20706', 'HV0019', 1),
	('A20706', 'HV0020', 1),
	('A20706', 'HV0021', 0),
	('A20706', 'HV0022', 0),
	('A20706', 'HV0023', 1),
	('A20706', 'HV0024', 1),
	('A20706', 'HV0025', 1),
	('A20706', 'HV0026', 0),
	('A20706', 'HV0027', 1),
	('A20706', 'HV0028', 1),
	('A20706', 'HV0029', 1),
	('A20707', 'HV0017', 0),
	('A20707', 'HV0018', 1),
	('A20707', 'HV0019', 0),
	('A20707', 'HV0020', 1),
	('A20707', 'HV0021', 0),
	('A20707', 'HV0022', 0),
	('A20707', 'HV0023', 0),
	('A20707', 'HV0024', 1),
	('A20707', 'HV0025', 1),
	('A20707', 'HV0026', 0),
	('A20707', 'HV0027', 0),
	('A20707', 'HV0028', 1),
	('A20707', 'HV0029', 1),
	('A20708', 'HV0017', 1),
	('A20708', 'HV0018', 1),
	('A20708', 'HV0019', 0),
	('A20708', 'HV0020', 0),
	('A20708', 'HV0021', 0),
	('A20708', 'HV0022', 1),
	('A20708', 'HV0023', 0),
	('A20708', 'HV0024', 1),
	('A20708', 'HV0025', 0),
	('A20708', 'HV0026', 0),
	('A20708', 'HV0027', 1),
	('A20708', 'HV0028', 1),
	('A20708', 'HV0029', 1),
	('A20709', 'HV0017', 1),
	('A20709', 'HV0018', 0),
	('A20709', 'HV0019', 1),
	('A20709', 'HV0020', 0),
	('A20709', 'HV0021', 1),
	('A20709', 'HV0022', 1),
	('A20709', 'HV0023', 1),
	('A20709', 'HV0024', 0),
	('A20709', 'HV0025', 1),
	('A20709', 'HV0026', 1),
	('A20709', 'HV0027', 1),
	('A20709', 'HV0028', 1),
	('A20709', 'HV0029', 1),
	('A30701', 'HV0030', 1),
	('A30701', 'HV0031', 1),
	('A30701', 'HV0032', 0),
	('A30701', 'HV0033', 1),
	('A30701', 'HV0034', 0),
	('A30701', 'HV0035', 0),
	('A30701', 'HV0036', 1),
	('A30701', 'HV0037', 1),
	('A30701', 'HV0038', 1),
	('A30701', 'HV0039', 1),
	('A30701', 'HV0040', 1),
	('A30702', 'HV0030', 1),
	('A30702', 'HV0031', 0),
	('A30702', 'HV0032', 1),
	('A30702', 'HV0033', 1),
	('A30702', 'HV0034', 0),
	('A30702', 'HV0035', 1),
	('A30702', 'HV0036', 1),
	('A30702', 'HV0037', 1),
	('A30702', 'HV0038', 0),
	('A30702', 'HV0039', 1),
	('A30702', 'HV0040', 0),
	('A30703', 'HV0030', 1),
	('A30703', 'HV0031', 1),
	('A30703', 'HV0032', 1),
	('A30703', 'HV0033', 1),
	('A30703', 'HV0034', 0),
	('A30703', 'HV0035', 1),
	('A30703', 'HV0036', 0),
	('A30703', 'HV0037', 1),
	('A30703', 'HV0038', 1),
	('A30703', 'HV0039', 0),
	('A30703', 'HV0040', 1),
	('A30704', 'HV0030', 0),
	('A30704', 'HV0031', 1),
	('A30704', 'HV0032', 0),
	('A30704', 'HV0033', 1),
	('A30704', 'HV0034', 1),
	('A30704', 'HV0035', 0),
	('A30704', 'HV0036', 1),
	('A30704', 'HV0037', 1),
	('A30704', 'HV0038', 1),
	('A30704', 'HV0039', 1),
	('A30704', 'HV0040', 1),
	('A30705', 'HV0030', 1),
	('A30705', 'HV0031', 0),
	('A30705', 'HV0032', 1),
	('A30705', 'HV0033', 0),
	('A30705', 'HV0034', 1),
	('A30705', 'HV0035', 1),
	('A30705', 'HV0036', 1),
	('A30705', 'HV0037', 1),
	('A30705', 'HV0038', 0),
	('A30705', 'HV0039', 0),
	('A30705', 'HV0040', 0),
	('A30706', 'HV0030', 0),
	('A30706', 'HV0031', 0),
	('A30706', 'HV0032', 1),
	('A30706', 'HV0033', 0),
	('A30706', 'HV0034', 0),
	('A30706', 'HV0035', 1),
	('A30706', 'HV0036', 1),
	('A30706', 'HV0037', 0),
	('A30706', 'HV0038', 1),
	('A30706', 'HV0039', 0),
	('A30706', 'HV0040', 1),
	('A30707', 'HV0030', 1),
	('A30707', 'HV0031', 0),
	('A30707', 'HV0032', 0),
	('A30707', 'HV0033', 1),
	('A30707', 'HV0034', 1),
	('A30707', 'HV0035', 0),
	('A30707', 'HV0036', 1),
	('A30707', 'HV0037', 1),
	('A30707', 'HV0038', 1),
	('A30707', 'HV0039', 1),
	('A30707', 'HV0040', 1),
	('A30708', 'HV0030', 0),
	('A30708', 'HV0031', 1),
	('A30708', 'HV0032', 0),
	('A30708', 'HV0033', 1),
	('A30708', 'HV0034', 1),
	('A30708', 'HV0035', 0),
	('A30708', 'HV0036', 1),
	('A30708', 'HV0037', 1),
	('A30708', 'HV0038', 1),
	('A30708', 'HV0039', 0),
	('A30708', 'HV0040', 1),
	('A30709', 'HV0030', 0),
	('A30709', 'HV0031', 0),
	('A30709', 'HV0032', 0),
	('A30709', 'HV0033', 0),
	('A30709', 'HV0034', 0),
	('A30709', 'HV0035', 1),
	('A30709', 'HV0036', 1),
	('A30709', 'HV0037', 0),
	('A30709', 'HV0038', 1),
	('A30709', 'HV0039', 1),
	('A30709', 'HV0040', 0)
--Tháng 8
GO
INSERT INTO DIEMDANH VALUES
	('T10801', 'HV0004', 0),
	('T10801', 'HV0005', 1),
	('T10801', 'HV0006', 0),
	('T10801', 'HV0007', 0),
	('T10801', 'HV0008', 0),
	('T10801', 'HV0009', 0),
	('T10801', 'HV0010', 1),
	('T10801', 'HV0011', 1),
	('T10801', 'HV0012', 0),
	('T10802', 'HV0004', 0),
	('T10802', 'HV0005', 1),
	('T10802', 'HV0006', 1),
	('T10802', 'HV0007', 0),
	('T10802', 'HV0008', 0),
	('T10802', 'HV0009', 1),
	('T10802', 'HV0010', 0),
	('T10802', 'HV0011', 1),
	('T10802', 'HV0012', 1),
	('T10803', 'HV0004', 0),
	('T10803', 'HV0005', 0),
	('T10803', 'HV0006', 1),
	('T10803', 'HV0007', 1),
	('T10803', 'HV0008', 1),
	('T10803', 'HV0009', 1),
	('T10803', 'HV0010', 0),
	('T10803', 'HV0011', 1),
	('T10803', 'HV0012', 0),
	('T10804', 'HV0004', 1),
	('T10804', 'HV0005', 0),
	('T10804', 'HV0006', 1),
	('T10804', 'HV0007', 1),
	('T10804', 'HV0008', 1),
	('T10804', 'HV0009', 1),
	('T10804', 'HV0010', 1),
	('T10804', 'HV0011', 0),
	('T10804', 'HV0012', 1),
	('T10805', 'HV0004', 0),
	('T10805', 'HV0005', 0),
	('T10805', 'HV0006', 0),
	('T10805', 'HV0007', 1),
	('T10805', 'HV0008', 0),
	('T10805', 'HV0009', 0),
	('T10805', 'HV0010', 0),
	('T10805', 'HV0011', 1),
	('T10805', 'HV0012', 1),
	('T10806', 'HV0004', 1),
	('T10806', 'HV0005', 1),
	('T10806', 'HV0006', 0),
	('T10806', 'HV0007', 1),
	('T10806', 'HV0008', 0),
	('T10806', 'HV0009', 0),
	('T10806', 'HV0010', 0),
	('T10806', 'HV0011', 1),
	('T10806', 'HV0012', 0),
	('T10807', 'HV0004', 0),
	('T10807', 'HV0005', 0),
	('T10807', 'HV0006', 1),
	('T10807', 'HV0007', 0),
	('T10807', 'HV0008', 0),
	('T10807', 'HV0009', 1),
	('T10807', 'HV0010', 1),
	('T10807', 'HV0011', 1),
	('T10807', 'HV0012', 1),
	('T10808', 'HV0004', 0),
	('T10808', 'HV0005', 1),
	('T10808', 'HV0006', 0),
	('T10808', 'HV0007', 1),
	('T10808', 'HV0008', 1),
	('T10808', 'HV0009', 0),
	('T10808', 'HV0010', 0),
	('T10808', 'HV0011', 0),
	('T10808', 'HV0012', 0),
	('T20801', 'HV0021', 1),
	('T20801', 'HV0022', 0),
	('T20801', 'HV0023', 0),
	('T20801', 'HV0024', 0),
	('T20801', 'HV0025', 1),
	('T20801', 'HV0026', 0),
	('T20801', 'HV0027', 1),
	('T20801', 'HV0028', 0),
	('T20801', 'HV0029', 0),
	('T20801', 'HV0030', 1),
	('T20802', 'HV0021', 0),
	('T20802', 'HV0022', 0),
	('T20802', 'HV0023', 1),
	('T20802', 'HV0024', 1),
	('T20802', 'HV0025', 1),
	('T20802', 'HV0026', 1),
	('T20802', 'HV0027', 0),
	('T20802', 'HV0028', 1),
	('T20802', 'HV0029', 0),
	('T20802', 'HV0030', 0),
	('T20803', 'HV0021', 0),
	('T20803', 'HV0022', 1),
	('T20803', 'HV0023', 0),
	('T20803', 'HV0024', 0),
	('T20803', 'HV0025', 0),
	('T20803', 'HV0026', 0),
	('T20803', 'HV0027', 0),
	('T20803', 'HV0028', 1),
	('T20803', 'HV0029', 1),
	('T20803', 'HV0030', 1),
	('T20804', 'HV0021', 1),
	('T20804', 'HV0022', 0),
	('T20804', 'HV0023', 0),
	('T20804', 'HV0024', 1),
	('T20804', 'HV0025', 1),
	('T20804', 'HV0026', 1),
	('T20804', 'HV0027', 0),
	('T20804', 'HV0028', 0),
	('T20804', 'HV0029', 1),
	('T20804', 'HV0030', 1),
	('T20805', 'HV0021', 1),
	('T20805', 'HV0022', 0),
	('T20805', 'HV0023', 1),
	('T20805', 'HV0024', 0),
	('T20805', 'HV0025', 1),
	('T20805', 'HV0026', 1),
	('T20805', 'HV0027', 0),
	('T20805', 'HV0028', 1),
	('T20805', 'HV0029', 0),
	('T20805', 'HV0030', 0),
	('T20806', 'HV0021', 0),
	('T20806', 'HV0022', 1),
	('T20806', 'HV0023', 1),
	('T20806', 'HV0024', 1),
	('T20806', 'HV0025', 0),
	('T20806', 'HV0026', 0),
	('T20806', 'HV0027', 1),
	('T20806', 'HV0028', 1),
	('T20806', 'HV0029', 0),
	('T20806', 'HV0030', 0),
	('T20807', 'HV0021', 1),
	('T20807', 'HV0022', 0),
	('T20807', 'HV0023', 0),
	('T20807', 'HV0024', 0),
	('T20807', 'HV0025', 0),
	('T20807', 'HV0026', 0),
	('T20807', 'HV0027', 1),
	('T20807', 'HV0028', 1),
	('T20807', 'HV0029', 0),
	('T20807', 'HV0030', 0),
	('T20808', 'HV0021', 0),
	('T20808', 'HV0022', 0),
	('T20808', 'HV0023', 0),
	('T20808', 'HV0024', 0),
	('T20808', 'HV0025', 1),
	('T20808', 'HV0026', 1),
	('T20808', 'HV0027', 1),
	('T20808', 'HV0028', 1),
	('T20808', 'HV0029', 0),
	('T20808', 'HV0030', 1),
	('T20809', 'HV0021', 0),
	('T20809', 'HV0022', 1),
	('T20809', 'HV0023', 0),
	('T20809', 'HV0024', 1),
	('T20809', 'HV0025', 0),
	('T20809', 'HV0026', 1),
	('T20809', 'HV0027', 0),
	('T20809', 'HV0028', 0),
	('T20809', 'HV0029', 1),
	('T20809', 'HV0030', 0),
	('T30801', 'HV0031', 1),
	('T30801', 'HV0032', 1),
	('T30801', 'HV0033', 0),
	('T30801', 'HV0034', 1),
	('T30801', 'HV0035', 1),
	('T30801', 'HV0036', 0),
	('T30801', 'HV0037', 1),
	('T30801', 'HV0038', 0),
	('T30801', 'HV0039', 1),
	('T30801', 'HV0040', 1),
	('T30802', 'HV0031', 1),
	('T30802', 'HV0032', 0),
	('T30802', 'HV0033', 1),
	('T30802', 'HV0034', 0),
	('T30802', 'HV0035', 1),
	('T30802', 'HV0036', 0),
	('T30802', 'HV0037', 0),
	('T30802', 'HV0038', 0),
	('T30802', 'HV0039', 0),
	('T30802', 'HV0040', 0),
	('T30803', 'HV0031', 1),
	('T30803', 'HV0032', 1),
	('T30803', 'HV0033', 0),
	('T30803', 'HV0034', 1),
	('T30803', 'HV0035', 1),
	('T30803', 'HV0036', 0),
	('T30803', 'HV0037', 1),
	('T30803', 'HV0038', 0),
	('T30803', 'HV0039', 0),
	('T30803', 'HV0040', 0),
	('T30804', 'HV0031', 0),
	('T30804', 'HV0032', 0),
	('T30804', 'HV0033', 0),
	('T30804', 'HV0034', 0),
	('T30804', 'HV0035', 0),
	('T30804', 'HV0036', 0),
	('T30804', 'HV0037', 1),
	('T30804', 'HV0038', 1),
	('T30804', 'HV0039', 0),
	('T30804', 'HV0040', 0),
	('T30805', 'HV0031', 1),
	('T30805', 'HV0032', 0),
	('T30805', 'HV0033', 0),
	('T30805', 'HV0034', 0),
	('T30805', 'HV0035', 1),
	('T30805', 'HV0036', 0),
	('T30805', 'HV0037', 1),
	('T30805', 'HV0038', 0),
	('T30805', 'HV0039', 1),
	('T30805', 'HV0040', 0),
	('T30806', 'HV0031', 1),
	('T30806', 'HV0032', 0),
	('T30806', 'HV0033', 0),
	('T30806', 'HV0034', 0),
	('T30806', 'HV0035', 1),
	('T30806', 'HV0036', 1),
	('T30806', 'HV0037', 1),
	('T30806', 'HV0038', 0),
	('T30806', 'HV0039', 0),
	('T30806', 'HV0040', 0),
	('T30807', 'HV0031', 1),
	('T30807', 'HV0032', 1),
	('T30807', 'HV0033', 0),
	('T30807', 'HV0034', 0),
	('T30807', 'HV0035', 1),
	('T30807', 'HV0036', 1),
	('T30807', 'HV0037', 0),
	('T30807', 'HV0038', 0),
	('T30807', 'HV0039', 0),
	('T30807', 'HV0040', 1),
	('T30808', 'HV0031', 1),
	('T30808', 'HV0032', 0),
	('T30808', 'HV0033', 1),
	('T30808', 'HV0034', 1),
	('T30808', 'HV0035', 0),
	('T30808', 'HV0036', 1),
	('T30808', 'HV0037', 1),
	('T30808', 'HV0038', 0),
	('T30808', 'HV0039', 1),
	('T30808', 'HV0040', 1),
	('V10801', 'HV0001', 0),
	('V10801', 'HV0002', 1),
	('V10801', 'HV0003', 1),
	('V10801', 'HV0004', 1),
	('V10801', 'HV0005', 0),
	('V10801', 'HV0006', 0),
	('V10801', 'HV0007', 1),
	('V10801', 'HV0008', 1),
	('V10801', 'HV0009', 0),
	('V10801', 'HV0010', 0),
	('V10801', 'HV0011', 1),
	('V10801', 'HV0012', 1),
	('V10801', 'HV0013', 1),
	('V10801', 'HV0014', 0),
	('V10802', 'HV0001', 1),
	('V10802', 'HV0002', 1),
	('V10802', 'HV0003', 0),
	('V10802', 'HV0004', 0),
	('V10802', 'HV0005', 0),
	('V10802', 'HV0006', 1),
	('V10802', 'HV0007', 1),
	('V10802', 'HV0008', 0),
	('V10802', 'HV0009', 1),
	('V10802', 'HV0010', 1),
	('V10802', 'HV0011', 0),
	('V10802', 'HV0012', 1),
	('V10802', 'HV0013', 1),
	('V10802', 'HV0014', 0),
	('V10803', 'HV0001', 0),
	('V10803', 'HV0002', 0),
	('V10803', 'HV0003', 0),
	('V10803', 'HV0004', 1),
	('V10803', 'HV0005', 0),
	('V10803', 'HV0006', 1),
	('V10803', 'HV0007', 1),
	('V10803', 'HV0008', 0),
	('V10803', 'HV0009', 0),
	('V10803', 'HV0010', 1),
	('V10803', 'HV0011', 1),
	('V10803', 'HV0012', 0),
	('V10803', 'HV0013', 0),
	('V10803', 'HV0014', 0),
	('V10804', 'HV0001', 0),
	('V10804', 'HV0002', 0),
	('V10804', 'HV0003', 1),
	('V10804', 'HV0004', 1),
	('V10804', 'HV0005', 1),
	('V10804', 'HV0006', 1),
	('V10804', 'HV0007', 0),
	('V10804', 'HV0008', 0),
	('V10804', 'HV0009', 1),
	('V10804', 'HV0010', 0),
	('V10804', 'HV0011', 0),
	('V10804', 'HV0012', 1),
	('V10804', 'HV0013', 1),
	('V10804', 'HV0014', 1),
	('V10805', 'HV0001', 1),
	('V10805', 'HV0002', 1),
	('V10805', 'HV0003', 1),
	('V10805', 'HV0004', 1),
	('V10805', 'HV0005', 0),
	('V10805', 'HV0006', 1),
	('V10805', 'HV0007', 1),
	('V10805', 'HV0008', 0),
	('V10805', 'HV0009', 1),
	('V10805', 'HV0010', 1),
	('V10805', 'HV0011', 0),
	('V10805', 'HV0012', 0),
	('V10805', 'HV0013', 1),
	('V10805', 'HV0014', 1),
	('V10806', 'HV0001', 0),
	('V10806', 'HV0002', 0),
	('V10806', 'HV0003', 1),
	('V10806', 'HV0004', 0),
	('V10806', 'HV0005', 1),
	('V10806', 'HV0006', 1),
	('V10806', 'HV0007', 1),
	('V10806', 'HV0008', 1),
	('V10806', 'HV0009', 1),
	('V10806', 'HV0010', 0),
	('V10806', 'HV0011', 0),
	('V10806', 'HV0012', 0),
	('V10806', 'HV0013', 0),
	('V10806', 'HV0014', 1),
	('V10807', 'HV0001', 1),
	('V10807', 'HV0002', 1),
	('V10807', 'HV0003', 0),
	('V10807', 'HV0004', 0),
	('V10807', 'HV0005', 0),
	('V10807', 'HV0006', 1),
	('V10807', 'HV0007', 1),
	('V10807', 'HV0008', 0),
	('V10807', 'HV0009', 0),
	('V10807', 'HV0010', 0),
	('V10807', 'HV0011', 0),
	('V10807', 'HV0012', 1),
	('V10807', 'HV0013', 1),
	('V10807', 'HV0014', 1),
	('V10808', 'HV0001', 0),
	('V10808', 'HV0002', 1),
	('V10808', 'HV0003', 0),
	('V10808', 'HV0004', 1),
	('V10808', 'HV0005', 0),
	('V10808', 'HV0006', 0),
	('V10808', 'HV0007', 1),
	('V10808', 'HV0008', 1),
	('V10808', 'HV0009', 1),
	('V10808', 'HV0010', 1),
	('V10808', 'HV0011', 0),
	('V10808', 'HV0012', 1),
	('V10808', 'HV0013', 0),
	('V10808', 'HV0014', 1),
	('V20801', 'HV0023', 1),
	('V20801', 'HV0024', 1),
	('V20801', 'HV0025', 1),
	('V20801', 'HV0026', 1),
	('V20801', 'HV0027', 0),
	('V20801', 'HV0028', 1),
	('V20801', 'HV0029', 1),
	('V20801', 'HV0030', 0),
	('V20801', 'HV0031', 1),
	('V20802', 'HV0023', 1),
	('V20802', 'HV0024', 0),
	('V20802', 'HV0025', 0),
	('V20802', 'HV0026', 0),
	('V20802', 'HV0027', 0),
	('V20802', 'HV0028', 1),
	('V20802', 'HV0029', 1),
	('V20802', 'HV0030', 0),
	('V20802', 'HV0031', 1),
	('V20803', 'HV0023', 1),
	('V20803', 'HV0024', 1),
	('V20803', 'HV0025', 0),
	('V20803', 'HV0026', 0),
	('V20803', 'HV0027', 0),
	('V20803', 'HV0028', 1),
	('V20803', 'HV0029', 1),
	('V20803', 'HV0030', 0),
	('V20803', 'HV0031', 1),
	('V20804', 'HV0023', 1),
	('V20804', 'HV0024', 0),
	('V20804', 'HV0025', 1),
	('V20804', 'HV0026', 1),
	('V20804', 'HV0027', 1),
	('V20804', 'HV0028', 0),
	('V20804', 'HV0029', 0),
	('V20804', 'HV0030', 1),
	('V20804', 'HV0031', 1),
	('V20805', 'HV0023', 1),
	('V20805', 'HV0024', 0),
	('V20805', 'HV0025', 1),
	('V20805', 'HV0026', 0),
	('V20805', 'HV0027', 1),
	('V20805', 'HV0028', 0),
	('V20805', 'HV0029', 1),
	('V20805', 'HV0030', 1),
	('V20805', 'HV0031', 0),
	('V20806', 'HV0023', 0),
	('V20806', 'HV0024', 0),
	('V20806', 'HV0025', 1),
	('V20806', 'HV0026', 1),
	('V20806', 'HV0027', 0),
	('V20806', 'HV0028', 0),
	('V20806', 'HV0029', 1),
	('V20806', 'HV0030', 0),
	('V20806', 'HV0031', 1),
	('V20807', 'HV0023', 1),
	('V20807', 'HV0024', 0),
	('V20807', 'HV0025', 0),
	('V20807', 'HV0026', 1),
	('V20807', 'HV0027', 1),
	('V20807', 'HV0028', 1),
	('V20807', 'HV0029', 0),
	('V20807', 'HV0030', 1),
	('V20807', 'HV0031', 1),
	('V20808', 'HV0023', 0),
	('V20808', 'HV0024', 1),
	('V20808', 'HV0025', 0),
	('V20808', 'HV0026', 0),
	('V20808', 'HV0027', 0),
	('V20808', 'HV0028', 0),
	('V20808', 'HV0029', 0),
	('V20808', 'HV0030', 1),
	('V20808', 'HV0031', 0),
	('V20809', 'HV0023', 0),
	('V20809', 'HV0024', 0),
	('V20809', 'HV0025', 1),
	('V20809', 'HV0026', 1),
	('V20809', 'HV0027', 0),
	('V20809', 'HV0028', 0),
	('V20809', 'HV0029', 1),
	('V20809', 'HV0030', 1),
	('V20809', 'HV0031', 0),
	('V30801', 'HV0032', 1),
	('V30801', 'HV0033', 0),
	('V30801', 'HV0034', 1),
	('V30801', 'HV0035', 0),
	('V30801', 'HV0036', 0),
	('V30801', 'HV0037', 0),
	('V30801', 'HV0038', 1),
	('V30801', 'HV0039', 0),
	('V30801', 'HV0040', 1),
	('V30802', 'HV0032', 1),
	('V30802', 'HV0033', 1),
	('V30802', 'HV0034', 1),
	('V30802', 'HV0035', 1),
	('V30802', 'HV0036', 0),
	('V30802', 'HV0037', 1),
	('V30802', 'HV0038', 1),
	('V30802', 'HV0039', 1),
	('V30802', 'HV0040', 0),
	('V30803', 'HV0032', 1),
	('V30803', 'HV0033', 1),
	('V30803', 'HV0034', 0),
	('V30803', 'HV0035', 0),
	('V30803', 'HV0036', 0),
	('V30803', 'HV0037', 1),
	('V30803', 'HV0038', 1),
	('V30803', 'HV0039', 0),
	('V30803', 'HV0040', 1),
	('V30804', 'HV0032', 1),
	('V30804', 'HV0033', 1),
	('V30804', 'HV0034', 0),
	('V30804', 'HV0035', 0),
	('V30804', 'HV0036', 0),
	('V30804', 'HV0037', 1),
	('V30804', 'HV0038', 1),
	('V30804', 'HV0039', 0),
	('V30804', 'HV0040', 0),
	('V30805', 'HV0032', 0),
	('V30805', 'HV0033', 1),
	('V30805', 'HV0034', 1),
	('V30805', 'HV0035', 0),
	('V30805', 'HV0036', 1),
	('V30805', 'HV0037', 1),
	('V30805', 'HV0038', 0),
	('V30805', 'HV0039', 1),
	('V30805', 'HV0040', 0),
	('V30806', 'HV0032', 0),
	('V30806', 'HV0033', 0),
	('V30806', 'HV0034', 1),
	('V30806', 'HV0035', 1),
	('V30806', 'HV0036', 1),
	('V30806', 'HV0037', 1),
	('V30806', 'HV0038', 0),
	('V30806', 'HV0039', 1),
	('V30806', 'HV0040', 1),
	('V30807', 'HV0032', 1),
	('V30807', 'HV0033', 0),
	('V30807', 'HV0034', 0),
	('V30807', 'HV0035', 0),
	('V30807', 'HV0036', 1),
	('V30807', 'HV0037', 0),
	('V30807', 'HV0038', 0),
	('V30807', 'HV0039', 1),
	('V30807', 'HV0040', 0),
	('V30808', 'HV0032', 0),
	('V30808', 'HV0033', 1),
	('V30808', 'HV0034', 1),
	('V30808', 'HV0035', 0),
	('V30808', 'HV0036', 0),
	('V30808', 'HV0037', 0),
	('V30808', 'HV0038', 1),
	('V30808', 'HV0039', 0),
	('V30808', 'HV0040', 1),
	('V30809', 'HV0032', 0),
	('V30809', 'HV0033', 0),
	('V30809', 'HV0034', 1),
	('V30809', 'HV0035', 1),
	('V30809', 'HV0036', 1),
	('V30809', 'HV0037', 0),
	('V30809', 'HV0038', 0),
	('V30809', 'HV0039', 1),
	('V30809', 'HV0040', 0),
	('A20801', 'HV0017', 0),
	('A20801', 'HV0018', 0),
	('A20801', 'HV0019', 1),
	('A20801', 'HV0020', 1),
	('A20801', 'HV0021', 1),
	('A20801', 'HV0022', 0),
	('A20801', 'HV0023', 1),
	('A20801', 'HV0024', 0),
	('A20801', 'HV0025', 1),
	('A20801', 'HV0026', 1),
	('A20801', 'HV0027', 1),
	('A20801', 'HV0028', 1),
	('A20801', 'HV0029', 0),
	('A20802', 'HV0017', 0),
	('A20802', 'HV0018', 0),
	('A20802', 'HV0019', 1),
	('A20802', 'HV0020', 1),
	('A20802', 'HV0021', 0),
	('A20802', 'HV0022', 1),
	('A20802', 'HV0023', 0),
	('A20802', 'HV0024', 1),
	('A20802', 'HV0025', 1),
	('A20802', 'HV0026', 0),
	('A20802', 'HV0027', 0),
	('A20802', 'HV0028', 1),
	('A20802', 'HV0029', 0),
	('A20803', 'HV0017', 0),
	('A20803', 'HV0018', 0),
	('A20803', 'HV0019', 0),
	('A20803', 'HV0020', 1),
	('A20803', 'HV0021', 1),
	('A20803', 'HV0022', 1),
	('A20803', 'HV0023', 0),
	('A20803', 'HV0024', 1),
	('A20803', 'HV0025', 0),
	('A20803', 'HV0026', 1),
	('A20803', 'HV0027', 1),
	('A20803', 'HV0028', 0),
	('A20803', 'HV0029', 0),
	('A20804', 'HV0017', 1),
	('A20804', 'HV0018', 0),
	('A20804', 'HV0019', 0),
	('A20804', 'HV0020', 0),
	('A20804', 'HV0021', 1),
	('A20804', 'HV0022', 1),
	('A20804', 'HV0023', 0),
	('A20804', 'HV0024', 0),
	('A20804', 'HV0025', 1),
	('A20804', 'HV0026', 0),
	('A20804', 'HV0027', 1),
	('A20804', 'HV0028', 1),
	('A20804', 'HV0029', 1),
	('A20805', 'HV0017', 1),
	('A20805', 'HV0018', 0),
	('A20805', 'HV0019', 1),
	('A20805', 'HV0020', 0),
	('A20805', 'HV0021', 1),
	('A20805', 'HV0022', 0),
	('A20805', 'HV0023', 1),
	('A20805', 'HV0024', 1),
	('A20805', 'HV0025', 1),
	('A20805', 'HV0026', 0),
	('A20805', 'HV0027', 0),
	('A20805', 'HV0028', 1),
	('A20805', 'HV0029', 0),
	('A20806', 'HV0017', 0),
	('A20806', 'HV0018', 1),
	('A20806', 'HV0019', 1),
	('A20806', 'HV0020', 1),
	('A20806', 'HV0021', 0),
	('A20806', 'HV0022', 0),
	('A20806', 'HV0023', 0),
	('A20806', 'HV0024', 1),
	('A20806', 'HV0025', 0),
	('A20806', 'HV0026', 1),
	('A20806', 'HV0027', 0),
	('A20806', 'HV0028', 0),
	('A20806', 'HV0029', 1),
	('A20807', 'HV0017', 0),
	('A20807', 'HV0018', 1),
	('A20807', 'HV0019', 1),
	('A20807', 'HV0020', 1),
	('A20807', 'HV0021', 0),
	('A20807', 'HV0022', 0),
	('A20807', 'HV0023', 0),
	('A20807', 'HV0024', 0),
	('A20807', 'HV0025', 1),
	('A20807', 'HV0026', 1),
	('A20807', 'HV0027', 0),
	('A20807', 'HV0028', 0),
	('A20807', 'HV0029', 1),
	('A20808', 'HV0017', 0),
	('A20808', 'HV0018', 1),
	('A20808', 'HV0019', 1),
	('A20808', 'HV0020', 0),
	('A20808', 'HV0021', 0),
	('A20808', 'HV0022', 1),
	('A20808', 'HV0023', 0),
	('A20808', 'HV0024', 0),
	('A20808', 'HV0025', 1),
	('A20808', 'HV0026', 1),
	('A20808', 'HV0027', 0),
	('A20808', 'HV0028', 0),
	('A20808', 'HV0029', 0),
	('A20809', 'HV0017', 0),
	('A20809', 'HV0018', 0),
	('A20809', 'HV0019', 1),
	('A20809', 'HV0020', 0),
	('A20809', 'HV0021', 1),
	('A20809', 'HV0022', 0),
	('A20809', 'HV0023', 0),
	('A20809', 'HV0024', 0),
	('A20809', 'HV0025', 0),
	('A20809', 'HV0026', 1),
	('A20809', 'HV0027', 0),
	('A20809', 'HV0028', 1),
	('A20809', 'HV0029', 0),
	('A30801', 'HV0030', 0),
	('A30801', 'HV0031', 1),
	('A30801', 'HV0032', 1),
	('A30801', 'HV0033', 1),
	('A30801', 'HV0034', 0),
	('A30801', 'HV0035', 0),
	('A30801', 'HV0036', 1),
	('A30801', 'HV0037', 1),
	('A30801', 'HV0038', 1),
	('A30801', 'HV0039', 1),
	('A30801', 'HV0040', 1),
	('A30802', 'HV0030', 0),
	('A30802', 'HV0031', 1),
	('A30802', 'HV0032', 0),
	('A30802', 'HV0033', 0),
	('A30802', 'HV0034', 0),
	('A30802', 'HV0035', 1),
	('A30802', 'HV0036', 0),
	('A30802', 'HV0037', 0),
	('A30802', 'HV0038', 0),
	('A30802', 'HV0039', 1),
	('A30802', 'HV0040', 0),
	('A30803', 'HV0030', 1),
	('A30803', 'HV0031', 1),
	('A30803', 'HV0032', 0),
	('A30803', 'HV0033', 0),
	('A30803', 'HV0034', 1),
	('A30803', 'HV0035', 0),
	('A30803', 'HV0036', 0),
	('A30803', 'HV0037', 0),
	('A30803', 'HV0038', 0),
	('A30803', 'HV0039', 0),
	('A30803', 'HV0040', 0),
	('A30804', 'HV0030', 1),
	('A30804', 'HV0031', 0),
	('A30804', 'HV0032', 1),
	('A30804', 'HV0033', 1),
	('A30804', 'HV0034', 1),
	('A30804', 'HV0035', 1),
	('A30804', 'HV0036', 1),
	('A30804', 'HV0037', 1),
	('A30804', 'HV0038', 1),
	('A30804', 'HV0039', 0),
	('A30804', 'HV0040', 1),
	('A30805', 'HV0030', 0),
	('A30805', 'HV0031', 0),
	('A30805', 'HV0032', 1),
	('A30805', 'HV0033', 1),
	('A30805', 'HV0034', 0),
	('A30805', 'HV0035', 0),
	('A30805', 'HV0036', 0),
	('A30805', 'HV0037', 1),
	('A30805', 'HV0038', 0),
	('A30805', 'HV0039', 0),
	('A30805', 'HV0040', 0),
	('A30806', 'HV0030', 0),
	('A30806', 'HV0031', 0),
	('A30806', 'HV0032', 0),
	('A30806', 'HV0033', 0),
	('A30806', 'HV0034', 0),
	('A30806', 'HV0035', 1),
	('A30806', 'HV0036', 1),
	('A30806', 'HV0037', 0),
	('A30806', 'HV0038', 0),
	('A30806', 'HV0039', 0),
	('A30806', 'HV0040', 0),
	('A30807', 'HV0030', 0),
	('A30807', 'HV0031', 0),
	('A30807', 'HV0032', 1),
	('A30807', 'HV0033', 0),
	('A30807', 'HV0034', 0),
	('A30807', 'HV0035', 0),
	('A30807', 'HV0036', 1),
	('A30807', 'HV0037', 0),
	('A30807', 'HV0038', 1),
	('A30807', 'HV0039', 1),
	('A30807', 'HV0040', 0),
	('A30808', 'HV0030', 0),
	('A30808', 'HV0031', 0),
	('A30808', 'HV0032', 1),
	('A30808', 'HV0033', 1),
	('A30808', 'HV0034', 0),
	('A30808', 'HV0035', 0),
	('A30808', 'HV0036', 0),
	('A30808', 'HV0037', 1),
	('A30808', 'HV0038', 1),
	('A30808', 'HV0039', 1),
	('A30808', 'HV0040', 1),
	('A30809', 'HV0030', 1),
	('A30809', 'HV0031', 1),
	('A30809', 'HV0032', 0),
	('A30809', 'HV0033', 0),
	('A30809', 'HV0034', 0),
	('A30809', 'HV0035', 1),
	('A30809', 'HV0036', 0),
	('A30809', 'HV0037', 1),
	('A30809', 'HV0038', 1),
	('A30809', 'HV0039', 0),
	('A30809', 'HV0040', 0)
--Tháng 9
GO
INSERT INTO DIEMDANH VALUES
	('T10901', 'HV0004', 1),
	('T10901', 'HV0005', 1),
	('T10901', 'HV0006', 0),
	('T10901', 'HV0007', 1),
	('T10901', 'HV0008', 1),
	('T10901', 'HV0009', 1),
	('T10901', 'HV0010', 0),
	('T10901', 'HV0011', 0),
	('T10901', 'HV0012', 0),
	('T10902', 'HV0004', 1),
	('T10902', 'HV0005', 0),
	('T10902', 'HV0006', 0),
	('T10902', 'HV0007', 1),
	('T10902', 'HV0008', 0),
	('T10902', 'HV0009', 1),
	('T10902', 'HV0010', 1),
	('T10902', 'HV0011', 1),
	('T10902', 'HV0012', 0),
	('T10903', 'HV0004', 0),
	('T10903', 'HV0005', 1),
	('T10903', 'HV0006', 1),
	('T10903', 'HV0007', 0),
	('T10903', 'HV0008', 1),
	('T10903', 'HV0009', 0),
	('T10903', 'HV0010', 0),
	('T10903', 'HV0011', 0),
	('T10903', 'HV0012', 0),
	('T10904', 'HV0004', 1),
	('T10904', 'HV0005', 0),
	('T10904', 'HV0006', 1),
	('T10904', 'HV0007', 1),
	('T10904', 'HV0008', 0),
	('T10904', 'HV0009', 0),
	('T10904', 'HV0010', 1),
	('T10904', 'HV0011', 0),
	('T10904', 'HV0012', 0),
	('T10905', 'HV0004', 0),
	('T10905', 'HV0005', 1),
	('T10905', 'HV0006', 1),
	('T10905', 'HV0007', 0),
	('T10905', 'HV0008', 0),
	('T10905', 'HV0009', 1),
	('T10905', 'HV0010', 0),
	('T10905', 'HV0011', 1),
	('T10905', 'HV0012', 0),
	('T10906', 'HV0004', 1),
	('T10906', 'HV0005', 1),
	('T10906', 'HV0006', 1),
	('T10906', 'HV0007', 0),
	('T10906', 'HV0008', 0),
	('T10906', 'HV0009', 1),
	('T10906', 'HV0010', 0),
	('T10906', 'HV0011', 1),
	('T10906', 'HV0012', 0),
	('T10907', 'HV0004', 1),
	('T10907', 'HV0005', 0),
	('T10907', 'HV0006', 0),
	('T10907', 'HV0007', 0),
	('T10907', 'HV0008', 0),
	('T10907', 'HV0009', 0),
	('T10907', 'HV0010', 0),
	('T10907', 'HV0011', 1),
	('T10907', 'HV0012', 1),
	('T10908', 'HV0004', 0),
	('T10908', 'HV0005', 1),
	('T10908', 'HV0006', 1),
	('T10908', 'HV0007', 1),
	('T10908', 'HV0008', 0),
	('T10908', 'HV0009', 1),
	('T10908', 'HV0010', 1),
	('T10908', 'HV0011', 1),
	('T10908', 'HV0012', 0),
	('T10909', 'HV0004', 1),
	('T10909', 'HV0005', 1),
	('T10909', 'HV0006', 1),
	('T10909', 'HV0007', 0),
	('T10909', 'HV0008', 0),
	('T10909', 'HV0009', 1),
	('T10909', 'HV0010', 0),
	('T10909', 'HV0011', 1),
	('T10909', 'HV0012', 0),
	('T20901', 'HV0021', 0),
	('T20901', 'HV0022', 1),
	('T20901', 'HV0023', 1),
	('T20901', 'HV0024', 0),
	('T20901', 'HV0025', 0),
	('T20901', 'HV0026', 1),
	('T20901', 'HV0027', 1),
	('T20901', 'HV0028', 0),
	('T20901', 'HV0029', 1),
	('T20901', 'HV0030', 1),
	('T20902', 'HV0021', 1),
	('T20902', 'HV0022', 0),
	('T20902', 'HV0023', 0),
	('T20902', 'HV0024', 1),
	('T20902', 'HV0025', 1),
	('T20902', 'HV0026', 0),
	('T20902', 'HV0027', 0),
	('T20902', 'HV0028', 1),
	('T20902', 'HV0029', 1),
	('T20902', 'HV0030', 1),
	('T20903', 'HV0021', 0),
	('T20903', 'HV0022', 1),
	('T20903', 'HV0023', 1),
	('T20903', 'HV0024', 1),
	('T20903', 'HV0025', 0),
	('T20903', 'HV0026', 0),
	('T20903', 'HV0027', 0),
	('T20903', 'HV0028', 0),
	('T20903', 'HV0029', 0),
	('T20903', 'HV0030', 1),
	('T20904', 'HV0021', 1),
	('T20904', 'HV0022', 0),
	('T20904', 'HV0023', 0),
	('T20904', 'HV0024', 0),
	('T20904', 'HV0025', 0),
	('T20904', 'HV0026', 0),
	('T20904', 'HV0027', 1),
	('T20904', 'HV0028', 0),
	('T20904', 'HV0029', 1),
	('T20904', 'HV0030', 1),
	('T20905', 'HV0021', 0),
	('T20905', 'HV0022', 1),
	('T20905', 'HV0023', 0),
	('T20905', 'HV0024', 0),
	('T20905', 'HV0025', 0),
	('T20905', 'HV0026', 0),
	('T20905', 'HV0027', 1),
	('T20905', 'HV0028', 0),
	('T20905', 'HV0029', 1),
	('T20905', 'HV0030', 1),
	('T20906', 'HV0021', 0),
	('T20906', 'HV0022', 1),
	('T20906', 'HV0023', 0),
	('T20906', 'HV0024', 0),
	('T20906', 'HV0025', 1),
	('T20906', 'HV0026', 0),
	('T20906', 'HV0027', 0),
	('T20906', 'HV0028', 0),
	('T20906', 'HV0029', 1),
	('T20906', 'HV0030', 1),
	('T20907', 'HV0021', 1),
	('T20907', 'HV0022', 0),
	('T20907', 'HV0023', 0),
	('T20907', 'HV0024', 0),
	('T20907', 'HV0025', 1),
	('T20907', 'HV0026', 0),
	('T20907', 'HV0027', 1),
	('T20907', 'HV0028', 1),
	('T20907', 'HV0029', 1),
	('T20907', 'HV0030', 0),
	('T20908', 'HV0021', 0),
	('T20908', 'HV0022', 0),
	('T20908', 'HV0023', 1),
	('T20908', 'HV0024', 0),
	('T20908', 'HV0025', 1),
	('T20908', 'HV0026', 0),
	('T20908', 'HV0027', 1),
	('T20908', 'HV0028', 1),
	('T20908', 'HV0029', 1),
	('T20908', 'HV0030', 0),
	('T20909', 'HV0021', 0),
	('T20909', 'HV0022', 1),
	('T20909', 'HV0023', 1),
	('T20909', 'HV0024', 0),
	('T20909', 'HV0025', 1),
	('T20909', 'HV0026', 1),
	('T20909', 'HV0027', 0),
	('T20909', 'HV0028', 0),
	('T20909', 'HV0029', 0),
	('T20909', 'HV0030', 1),
	('T30901', 'HV0031', 0),
	('T30901', 'HV0032', 0),
	('T30901', 'HV0033', 0),
	('T30901', 'HV0034', 1),
	('T30901', 'HV0035', 1),
	('T30901', 'HV0036', 1),
	('T30901', 'HV0037', 0),
	('T30901', 'HV0038', 1),
	('T30901', 'HV0039', 1),
	('T30901', 'HV0040', 0),
	('T30902', 'HV0031', 0),
	('T30902', 'HV0032', 1),
	('T30902', 'HV0033', 1),
	('T30902', 'HV0034', 1),
	('T30902', 'HV0035', 0),
	('T30902', 'HV0036', 0),
	('T30902', 'HV0037', 0),
	('T30902', 'HV0038', 1),
	('T30902', 'HV0039', 0),
	('T30902', 'HV0040', 1),
	('T30903', 'HV0031', 1),
	('T30903', 'HV0032', 1),
	('T30903', 'HV0033', 0),
	('T30903', 'HV0034', 0),
	('T30903', 'HV0035', 0),
	('T30903', 'HV0036', 0),
	('T30903', 'HV0037', 0),
	('T30903', 'HV0038', 1),
	('T30903', 'HV0039', 1),
	('T30903', 'HV0040', 1),
	('T30904', 'HV0031', 1),
	('T30904', 'HV0032', 1),
	('T30904', 'HV0033', 0),
	('T30904', 'HV0034', 1),
	('T30904', 'HV0035', 0),
	('T30904', 'HV0036', 1),
	('T30904', 'HV0037', 1),
	('T30904', 'HV0038', 0),
	('T30904', 'HV0039', 1),
	('T30904', 'HV0040', 0),
	('T30905', 'HV0031', 1),
	('T30905', 'HV0032', 0),
	('T30905', 'HV0033', 1),
	('T30905', 'HV0034', 1),
	('T30905', 'HV0035', 1),
	('T30905', 'HV0036', 1),
	('T30905', 'HV0037', 0),
	('T30905', 'HV0038', 1),
	('T30905', 'HV0039', 1),
	('T30905', 'HV0040', 0),
	('T30906', 'HV0031', 1),
	('T30906', 'HV0032', 0),
	('T30906', 'HV0033', 1),
	('T30906', 'HV0034', 0),
	('T30906', 'HV0035', 0),
	('T30906', 'HV0036', 1),
	('T30906', 'HV0037', 1),
	('T30906', 'HV0038', 1),
	('T30906', 'HV0039', 0),
	('T30906', 'HV0040', 1),
	('T30907', 'HV0031', 0),
	('T30907', 'HV0032', 1),
	('T30907', 'HV0033', 1),
	('T30907', 'HV0034', 0),
	('T30907', 'HV0035', 0),
	('T30907', 'HV0036', 1),
	('T30907', 'HV0037', 1),
	('T30907', 'HV0038', 0),
	('T30907', 'HV0039', 1),
	('T30907', 'HV0040', 0),
	('T30908', 'HV0031', 1),
	('T30908', 'HV0032', 1),
	('T30908', 'HV0033', 0),
	('T30908', 'HV0034', 0),
	('T30908', 'HV0035', 0),
	('T30908', 'HV0036', 1),
	('T30908', 'HV0037', 1),
	('T30908', 'HV0038', 1),
	('T30908', 'HV0039', 0),
	('T30908', 'HV0040', 1),
	('T30909', 'HV0031', 0),
	('T30909', 'HV0032', 0),
	('T30909', 'HV0033', 1),
	('T30909', 'HV0034', 0),
	('T30909', 'HV0035', 1),
	('T30909', 'HV0036', 0),
	('T30909', 'HV0037', 0),
	('T30909', 'HV0038', 0),
	('T30909', 'HV0039', 0),
	('T30909', 'HV0040', 1),
	('V10901', 'HV0001', 1),
	('V10901', 'HV0002', 0),
	('V10901', 'HV0003', 0),
	('V10901', 'HV0004', 0),
	('V10901', 'HV0005', 1),
	('V10901', 'HV0006', 1),
	('V10901', 'HV0007', 1),
	('V10901', 'HV0008', 1),
	('V10901', 'HV0009', 1),
	('V10901', 'HV0010', 1),
	('V10901', 'HV0011', 1),
	('V10901', 'HV0012', 0),
	('V10901', 'HV0013', 1),
	('V10901', 'HV0014', 0),
	('V10902', 'HV0001', 0),
	('V10902', 'HV0002', 1),
	('V10902', 'HV0003', 1),
	('V10902', 'HV0004', 0),
	('V10902', 'HV0005', 0),
	('V10902', 'HV0006', 1),
	('V10902', 'HV0007', 1),
	('V10902', 'HV0008', 0),
	('V10902', 'HV0009', 1),
	('V10902', 'HV0010', 0),
	('V10902', 'HV0011', 0),
	('V10902', 'HV0012', 1),
	('V10902', 'HV0013', 1),
	('V10902', 'HV0014', 1),
	('V10903', 'HV0001', 1),
	('V10903', 'HV0002', 1),
	('V10903', 'HV0003', 0),
	('V10903', 'HV0004', 1),
	('V10903', 'HV0005', 0),
	('V10903', 'HV0006', 1),
	('V10903', 'HV0007', 0),
	('V10903', 'HV0008', 0),
	('V10903', 'HV0009', 1),
	('V10903', 'HV0010', 1),
	('V10903', 'HV0011', 1),
	('V10903', 'HV0012', 0),
	('V10903', 'HV0013', 0),
	('V10903', 'HV0014', 0),
	('V10904', 'HV0001', 0),
	('V10904', 'HV0002', 0),
	('V10904', 'HV0003', 0),
	('V10904', 'HV0004', 0),
	('V10904', 'HV0005', 0),
	('V10904', 'HV0006', 1),
	('V10904', 'HV0007', 1),
	('V10904', 'HV0008', 0),
	('V10904', 'HV0009', 0),
	('V10904', 'HV0010', 1),
	('V10904', 'HV0011', 0),
	('V10904', 'HV0012', 0),
	('V10904', 'HV0013', 0),
	('V10904', 'HV0014', 1),
	('V10905', 'HV0001', 0),
	('V10905', 'HV0002', 1),
	('V10905', 'HV0003', 0),
	('V10905', 'HV0004', 0),
	('V10905', 'HV0005', 0),
	('V10905', 'HV0006', 1),
	('V10905', 'HV0007', 0),
	('V10905', 'HV0008', 1),
	('V10905', 'HV0009', 0),
	('V10905', 'HV0010', 1),
	('V10905', 'HV0011', 1),
	('V10905', 'HV0012', 0),
	('V10905', 'HV0013', 0),
	('V10905', 'HV0014', 1),
	('V10906', 'HV0001', 0),
	('V10906', 'HV0002', 0),
	('V10906', 'HV0003', 1),
	('V10906', 'HV0004', 1),
	('V10906', 'HV0005', 1),
	('V10906', 'HV0006', 1),
	('V10906', 'HV0007', 1),
	('V10906', 'HV0008', 0),
	('V10906', 'HV0009', 0),
	('V10906', 'HV0010', 1),
	('V10906', 'HV0011', 1),
	('V10906', 'HV0012', 1),
	('V10906', 'HV0013', 1),
	('V10906', 'HV0014', 1),
	('V10907', 'HV0001', 1),
	('V10907', 'HV0002', 0),
	('V10907', 'HV0003', 0),
	('V10907', 'HV0004', 0),
	('V10907', 'HV0005', 0),
	('V10907', 'HV0006', 1),
	('V10907', 'HV0007', 0),
	('V10907', 'HV0008', 1),
	('V10907', 'HV0009', 0),
	('V10907', 'HV0010', 0),
	('V10907', 'HV0011', 1),
	('V10907', 'HV0012', 1),
	('V10907', 'HV0013', 0),
	('V10907', 'HV0014', 0),
	('V10908', 'HV0001', 0),
	('V10908', 'HV0002', 1),
	('V10908', 'HV0003', 1),
	('V10908', 'HV0004', 1),
	('V10908', 'HV0005', 1),
	('V10908', 'HV0006', 1),
	('V10908', 'HV0007', 1),
	('V10908', 'HV0008', 0),
	('V10908', 'HV0009', 0),
	('V10908', 'HV0010', 0),
	('V10908', 'HV0011', 1),
	('V10908', 'HV0012', 0),
	('V10908', 'HV0013', 0),
	('V10908', 'HV0014', 1),
	('V10909', 'HV0001', 0),
	('V10909', 'HV0002', 1),
	('V10909', 'HV0003', 0),
	('V10909', 'HV0004', 1),
	('V10909', 'HV0005', 1),
	('V10909', 'HV0006', 0),
	('V10909', 'HV0007', 1),
	('V10909', 'HV0008', 0),
	('V10909', 'HV0009', 1),
	('V10909', 'HV0010', 1),
	('V10909', 'HV0011', 0),
	('V10909', 'HV0012', 0),
	('V10909', 'HV0013', 0),
	('V10909', 'HV0014', 0),
	('V20901', 'HV0023', 0),
	('V20901', 'HV0024', 1),
	('V20901', 'HV0025', 1),
	('V20901', 'HV0026', 0),
	('V20901', 'HV0027', 1),
	('V20901', 'HV0028', 1),
	('V20901', 'HV0029', 1),
	('V20901', 'HV0030', 0),
	('V20901', 'HV0031', 0),
	('V20902', 'HV0023', 1),
	('V20902', 'HV0024', 1),
	('V20902', 'HV0025', 0),
	('V20902', 'HV0026', 0),
	('V20902', 'HV0027', 0),
	('V20902', 'HV0028', 0),
	('V20902', 'HV0029', 0),
	('V20902', 'HV0030', 0),
	('V20902', 'HV0031', 1),
	('V20903', 'HV0023', 0),
	('V20903', 'HV0024', 0),
	('V20903', 'HV0025', 0),
	('V20903', 'HV0026', 1),
	('V20903', 'HV0027', 0),
	('V20903', 'HV0028', 1),
	('V20903', 'HV0029', 1),
	('V20903', 'HV0030', 1),
	('V20903', 'HV0031', 1),
	('V20904', 'HV0023', 0),
	('V20904', 'HV0024', 0),
	('V20904', 'HV0025', 0),
	('V20904', 'HV0026', 0),
	('V20904', 'HV0027', 1),
	('V20904', 'HV0028', 1),
	('V20904', 'HV0029', 0),
	('V20904', 'HV0030', 0),
	('V20904', 'HV0031', 1),
	('V20905', 'HV0023', 1),
	('V20905', 'HV0024', 1),
	('V20905', 'HV0025', 1),
	('V20905', 'HV0026', 1),
	('V20905', 'HV0027', 0),
	('V20905', 'HV0028', 1),
	('V20905', 'HV0029', 0),
	('V20905', 'HV0030', 1),
	('V20905', 'HV0031', 1),
	('V20906', 'HV0023', 1),
	('V20906', 'HV0024', 0),
	('V20906', 'HV0025', 1),
	('V20906', 'HV0026', 1),
	('V20906', 'HV0027', 1),
	('V20906', 'HV0028', 0),
	('V20906', 'HV0029', 0),
	('V20906', 'HV0030', 1),
	('V20906', 'HV0031', 0),
	('V20907', 'HV0023', 0),
	('V20907', 'HV0024', 1),
	('V20907', 'HV0025', 1),
	('V20907', 'HV0026', 0),
	('V20907', 'HV0027', 0),
	('V20907', 'HV0028', 0),
	('V20907', 'HV0029', 0),
	('V20907', 'HV0030', 0),
	('V20907', 'HV0031', 1),
	('V20908', 'HV0023', 0),
	('V20908', 'HV0024', 0),
	('V20908', 'HV0025', 0),
	('V20908', 'HV0026', 0),
	('V20908', 'HV0027', 1),
	('V20908', 'HV0028', 1),
	('V20908', 'HV0029', 1),
	('V20908', 'HV0030', 1),
	('V20908', 'HV0031', 0),
	('V20909', 'HV0023', 0),
	('V20909', 'HV0024', 0),
	('V20909', 'HV0025', 1),
	('V20909', 'HV0026', 0),
	('V20909', 'HV0027', 0),
	('V20909', 'HV0028', 0),
	('V20909', 'HV0029', 0),
	('V20909', 'HV0030', 0),
	('V20909', 'HV0031', 1),
	('V30901', 'HV0032', 0),
	('V30901', 'HV0033', 0),
	('V30901', 'HV0034', 1),
	('V30901', 'HV0035', 1),
	('V30901', 'HV0036', 0),
	('V30901', 'HV0037', 0),
	('V30901', 'HV0038', 0),
	('V30901', 'HV0039', 1),
	('V30901', 'HV0040', 0),
	('V30902', 'HV0032', 0),
	('V30902', 'HV0033', 0),
	('V30902', 'HV0034', 1),
	('V30902', 'HV0035', 1),
	('V30902', 'HV0036', 0),
	('V30902', 'HV0037', 0),
	('V30902', 'HV0038', 0),
	('V30902', 'HV0039', 0),
	('V30902', 'HV0040', 1),
	('V30903', 'HV0032', 1),
	('V30903', 'HV0033', 1),
	('V30903', 'HV0034', 0),
	('V30903', 'HV0035', 0),
	('V30903', 'HV0036', 1),
	('V30903', 'HV0037', 0),
	('V30903', 'HV0038', 0),
	('V30903', 'HV0039', 1),
	('V30903', 'HV0040', 0),
	('V30904', 'HV0032', 0),
	('V30904', 'HV0033', 0),
	('V30904', 'HV0034', 1),
	('V30904', 'HV0035', 0),
	('V30904', 'HV0036', 0),
	('V30904', 'HV0037', 0),
	('V30904', 'HV0038', 0),
	('V30904', 'HV0039', 1),
	('V30904', 'HV0040', 1),
	('V30905', 'HV0032', 1),
	('V30905', 'HV0033', 1),
	('V30905', 'HV0034', 1),
	('V30905', 'HV0035', 1),
	('V30905', 'HV0036', 0),
	('V30905', 'HV0037', 1),
	('V30905', 'HV0038', 0),
	('V30905', 'HV0039', 0),
	('V30905', 'HV0040', 1),
	('V30906', 'HV0032', 0),
	('V30906', 'HV0033', 1),
	('V30906', 'HV0034', 1),
	('V30906', 'HV0035', 1),
	('V30906', 'HV0036', 1),
	('V30906', 'HV0037', 0),
	('V30906', 'HV0038', 1),
	('V30906', 'HV0039', 0),
	('V30906', 'HV0040', 0),
	('V30907', 'HV0032', 0),
	('V30907', 'HV0033', 0),
	('V30907', 'HV0034', 0),
	('V30907', 'HV0035', 0),
	('V30907', 'HV0036', 1),
	('V30907', 'HV0037', 0),
	('V30907', 'HV0038', 1),
	('V30907', 'HV0039', 0),
	('V30907', 'HV0040', 0),
	('V30908', 'HV0032', 1),
	('V30908', 'HV0033', 1),
	('V30908', 'HV0034', 0),
	('V30908', 'HV0035', 0),
	('V30908', 'HV0036', 1),
	('V30908', 'HV0037', 0),
	('V30908', 'HV0038', 1),
	('V30908', 'HV0039', 0),
	('V30908', 'HV0040', 1),
	('A10901', 'HV0001', 0),
	('A10901', 'HV0002', 0),
	('A10901', 'HV0003', 1),
	('A10901', 'HV0004', 1),
	('A10901', 'HV0005', 1),
	('A10901', 'HV0006', 1),
	('A10901', 'HV0007', 1),
	('A10901', 'HV0008', 0),
	('A10901', 'HV0009', 1),
	('A10901', 'HV0010', 1),
	('A10901', 'HV0011', 0),
	('A10901', 'HV0012', 1),
	('A10901', 'HV0013', 0),
	('A10901', 'HV0014', 0),
	('A10901', 'HV0015', 0),
	('A10901', 'HV0016', 1),
	('A10902', 'HV0001', 0),
	('A10902', 'HV0002', 0),
	('A10902', 'HV0003', 0),
	('A10902', 'HV0004', 1),
	('A10902', 'HV0005', 1),
	('A10902', 'HV0006', 1),
	('A10902', 'HV0007', 0),
	('A10902', 'HV0008', 1),
	('A10902', 'HV0009', 0),
	('A10902', 'HV0010', 1),
	('A10902', 'HV0011', 1),
	('A10902', 'HV0012', 0),
	('A10902', 'HV0013', 0),
	('A10902', 'HV0014', 0),
	('A10902', 'HV0015', 0),
	('A10902', 'HV0016', 0),
	('A10903', 'HV0001', 1),
	('A10903', 'HV0002', 0),
	('A10903', 'HV0003', 0),
	('A10903', 'HV0004', 0),
	('A10903', 'HV0005', 1),
	('A10903', 'HV0006', 0),
	('A10903', 'HV0007', 1),
	('A10903', 'HV0008', 0),
	('A10903', 'HV0009', 0),
	('A10903', 'HV0010', 0),
	('A10903', 'HV0011', 0),
	('A10903', 'HV0012', 0),
	('A10903', 'HV0013', 0),
	('A10903', 'HV0014', 1),
	('A10903', 'HV0015', 0),
	('A10903', 'HV0016', 1),
	('A10904', 'HV0001', 0),
	('A10904', 'HV0002', 0),
	('A10904', 'HV0003', 0),
	('A10904', 'HV0004', 1),
	('A10904', 'HV0005', 0),
	('A10904', 'HV0006', 0),
	('A10904', 'HV0007', 0),
	('A10904', 'HV0008', 1),
	('A10904', 'HV0009', 1),
	('A10904', 'HV0010', 1),
	('A10904', 'HV0011', 0),
	('A10904', 'HV0012', 0),
	('A10904', 'HV0013', 0),
	('A10904', 'HV0014', 1),
	('A10904', 'HV0015', 1),
	('A10904', 'HV0016', 0),
	('A10905', 'HV0001', 1),
	('A10905', 'HV0002', 0),
	('A10905', 'HV0003', 0),
	('A10905', 'HV0004', 0),
	('A10905', 'HV0005', 1),
	('A10905', 'HV0006', 1),
	('A10905', 'HV0007', 0),
	('A10905', 'HV0008', 0),
	('A10905', 'HV0009', 1),
	('A10905', 'HV0010', 1),
	('A10905', 'HV0011', 1),
	('A10905', 'HV0012', 1),
	('A10905', 'HV0013', 0),
	('A10905', 'HV0014', 1),
	('A10905', 'HV0015', 1),
	('A10905', 'HV0016', 1),
	('A10906', 'HV0001', 0),
	('A10906', 'HV0002', 1),
	('A10906', 'HV0003', 1),
	('A10906', 'HV0004', 1),
	('A10906', 'HV0005', 1),
	('A10906', 'HV0006', 1),
	('A10906', 'HV0007', 1),
	('A10906', 'HV0008', 0),
	('A10906', 'HV0009', 0),
	('A10906', 'HV0010', 1),
	('A10906', 'HV0011', 0),
	('A10906', 'HV0012', 1),
	('A10906', 'HV0013', 0),
	('A10906', 'HV0014', 0),
	('A10906', 'HV0015', 0),
	('A10906', 'HV0016', 1),
	('A10907', 'HV0001', 1),
	('A10907', 'HV0002', 0),
	('A10907', 'HV0003', 0),
	('A10907', 'HV0004', 0),
	('A10907', 'HV0005', 1),
	('A10907', 'HV0006', 0),
	('A10907', 'HV0007', 0),
	('A10907', 'HV0008', 1),
	('A10907', 'HV0009', 1),
	('A10907', 'HV0010', 0),
	('A10907', 'HV0011', 1),
	('A10907', 'HV0012', 0),
	('A10907', 'HV0013', 1),
	('A10907', 'HV0014', 0),
	('A10907', 'HV0015', 0),
	('A10907', 'HV0016', 0),
	('A10908', 'HV0001', 1),
	('A10908', 'HV0002', 0),
	('A10908', 'HV0003', 0),
	('A10908', 'HV0004', 0),
	('A10908', 'HV0005', 1),
	('A10908', 'HV0006', 1),
	('A10908', 'HV0007', 1),
	('A10908', 'HV0008', 0),
	('A10908', 'HV0009', 0),
	('A10908', 'HV0010', 0),
	('A10908', 'HV0011', 1),
	('A10908', 'HV0012', 1),
	('A10908', 'HV0013', 1),
	('A10908', 'HV0014', 1),
	('A10908', 'HV0015', 0),
	('A10908', 'HV0016', 1),
	('A20901', 'HV0017', 0),
	('A20901', 'HV0018', 0),
	('A20901', 'HV0019', 1),
	('A20901', 'HV0020', 1),
	('A20901', 'HV0021', 1),
	('A20901', 'HV0022', 0),
	('A20901', 'HV0023', 1),
	('A20901', 'HV0024', 0),
	('A20901', 'HV0025', 1),
	('A20901', 'HV0026', 0),
	('A20901', 'HV0027', 1),
	('A20901', 'HV0028', 0),
	('A20901', 'HV0029', 0),
	('A20902', 'HV0017', 0),
	('A20902', 'HV0018', 0),
	('A20902', 'HV0019', 1),
	('A20902', 'HV0020', 1),
	('A20902', 'HV0021', 0),
	('A20902', 'HV0022', 1),
	('A20902', 'HV0023', 0),
	('A20902', 'HV0024', 0),
	('A20902', 'HV0025', 1),
	('A20902', 'HV0026', 0),
	('A20902', 'HV0027', 0),
	('A20902', 'HV0028', 0),
	('A20902', 'HV0029', 0),
	('A20903', 'HV0017', 0),
	('A20903', 'HV0018', 1),
	('A20903', 'HV0019', 1),
	('A20903', 'HV0020', 1),
	('A20903', 'HV0021', 0),
	('A20903', 'HV0022', 1),
	('A20903', 'HV0023', 1),
	('A20903', 'HV0024', 1),
	('A20903', 'HV0025', 1),
	('A20903', 'HV0026', 1),
	('A20903', 'HV0027', 0),
	('A20903', 'HV0028', 1),
	('A20903', 'HV0029', 0),
	('A20904', 'HV0017', 1),
	('A20904', 'HV0018', 1),
	('A20904', 'HV0019', 1),
	('A20904', 'HV0020', 1),
	('A20904', 'HV0021', 1),
	('A20904', 'HV0022', 0),
	('A20904', 'HV0023', 0),
	('A20904', 'HV0024', 0),
	('A20904', 'HV0025', 1),
	('A20904', 'HV0026', 1),
	('A20904', 'HV0027', 1),
	('A20904', 'HV0028', 0),
	('A20904', 'HV0029', 1),
	('A20905', 'HV0017', 1),
	('A20905', 'HV0018', 1),
	('A20905', 'HV0019', 0),
	('A20905', 'HV0020', 1),
	('A20905', 'HV0021', 0),
	('A20905', 'HV0022', 1),
	('A20905', 'HV0023', 1),
	('A20905', 'HV0024', 0),
	('A20905', 'HV0025', 0),
	('A20905', 'HV0026', 1),
	('A20905', 'HV0027', 1),
	('A20905', 'HV0028', 1),
	('A20905', 'HV0029', 1),
	('A20906', 'HV0017', 0),
	('A20906', 'HV0018', 0),
	('A20906', 'HV0019', 0),
	('A20906', 'HV0020', 0),
	('A20906', 'HV0021', 1),
	('A20906', 'HV0022', 0),
	('A20906', 'HV0023', 0),
	('A20906', 'HV0024', 1),
	('A20906', 'HV0025', 1),
	('A20906', 'HV0026', 0),
	('A20906', 'HV0027', 1),
	('A20906', 'HV0028', 0),
	('A20906', 'HV0029', 0),
	('A20907', 'HV0017', 0),
	('A20907', 'HV0018', 1),
	('A20907', 'HV0019', 1),
	('A20907', 'HV0020', 0),
	('A20907', 'HV0021', 0),
	('A20907', 'HV0022', 1),
	('A20907', 'HV0023', 0),
	('A20907', 'HV0024', 0),
	('A20907', 'HV0025', 1),
	('A20907', 'HV0026', 1),
	('A20907', 'HV0027', 0),
	('A20907', 'HV0028', 0),
	('A20907', 'HV0029', 0),
	('A20908', 'HV0017', 0),
	('A20908', 'HV0018', 1),
	('A20908', 'HV0019', 0),
	('A20908', 'HV0020', 0),
	('A20908', 'HV0021', 0),
	('A20908', 'HV0022', 1),
	('A20908', 'HV0023', 0),
	('A20908', 'HV0024', 0),
	('A20908', 'HV0025', 1),
	('A20908', 'HV0026', 1),
	('A20908', 'HV0027', 1),
	('A20908', 'HV0028', 0),
	('A20908', 'HV0029', 1),
	('A30901', 'HV0030', 1),
	('A30901', 'HV0031', 1),
	('A30901', 'HV0032', 0),
	('A30901', 'HV0033', 1),
	('A30901', 'HV0034', 1),
	('A30901', 'HV0035', 1),
	('A30901', 'HV0036', 0),
	('A30901', 'HV0037', 0),
	('A30901', 'HV0038', 0),
	('A30901', 'HV0039', 1),
	('A30901', 'HV0040', 0),
	('A30902', 'HV0030', 0),
	('A30902', 'HV0031', 1),
	('A30902', 'HV0032', 0),
	('A30902', 'HV0033', 1),
	('A30902', 'HV0034', 0),
	('A30902', 'HV0035', 0),
	('A30902', 'HV0036', 0),
	('A30902', 'HV0037', 1),
	('A30902', 'HV0038', 1),
	('A30902', 'HV0039', 0),
	('A30902', 'HV0040', 1),
	('A30903', 'HV0030', 1),
	('A30903', 'HV0031', 1),
	('A30903', 'HV0032', 1),
	('A30903', 'HV0033', 0),
	('A30903', 'HV0034', 0),
	('A30903', 'HV0035', 1),
	('A30903', 'HV0036', 0),
	('A30903', 'HV0037', 0),
	('A30903', 'HV0038', 0),
	('A30903', 'HV0039', 0),
	('A30903', 'HV0040', 0),
	('A30904', 'HV0030', 0),
	('A30904', 'HV0031', 0),
	('A30904', 'HV0032', 0),
	('A30904', 'HV0033', 1),
	('A30904', 'HV0034', 0),
	('A30904', 'HV0035', 1),
	('A30904', 'HV0036', 0),
	('A30904', 'HV0037', 1),
	('A30904', 'HV0038', 1),
	('A30904', 'HV0039', 1),
	('A30904', 'HV0040', 0),
	('A30905', 'HV0030', 1),
	('A30905', 'HV0031', 0),
	('A30905', 'HV0032', 1),
	('A30905', 'HV0033', 0),
	('A30905', 'HV0034', 0),
	('A30905', 'HV0035', 0),
	('A30905', 'HV0036', 0),
	('A30905', 'HV0037', 0),
	('A30905', 'HV0038', 0),
	('A30905', 'HV0039', 0),
	('A30905', 'HV0040', 0),
	('A30906', 'HV0030', 1),
	('A30906', 'HV0031', 1),
	('A30906', 'HV0032', 0),
	('A30906', 'HV0033', 0),
	('A30906', 'HV0034', 1),
	('A30906', 'HV0035', 0),
	('A30906', 'HV0036', 1),
	('A30906', 'HV0037', 0),
	('A30906', 'HV0038', 0),
	('A30906', 'HV0039', 0),
	('A30906', 'HV0040', 0),
	('A30907', 'HV0030', 0),
	('A30907', 'HV0031', 1),
	('A30907', 'HV0032', 1),
	('A30907', 'HV0033', 0),
	('A30907', 'HV0034', 1),
	('A30907', 'HV0035', 0),
	('A30907', 'HV0036', 1),
	('A30907', 'HV0037', 1),
	('A30907', 'HV0038', 1),
	('A30907', 'HV0039', 0),
	('A30907', 'HV0040', 0),
	('A30908', 'HV0030', 0),
	('A30908', 'HV0031', 0),
	('A30908', 'HV0032', 1),
	('A30908', 'HV0033', 0),
	('A30908', 'HV0034', 1),
	('A30908', 'HV0035', 1),
	('A30908', 'HV0036', 0),
	('A30908', 'HV0037', 0),
	('A30908', 'HV0038', 1),
	('A30908', 'HV0039', 0),
	('A30908', 'HV0040', 0),
	('A30909', 'HV0030', 0),
	('A30909', 'HV0031', 1),
	('A30909', 'HV0032', 1),
	('A30909', 'HV0033', 1),
	('A30909', 'HV0034', 1),
	('A30909', 'HV0035', 1),
	('A30909', 'HV0036', 0),
	('A30909', 'HV0037', 1),
	('A30909', 'HV0038', 0),
	('A30909', 'HV0039', 1),
	('A30909', 'HV0040', 0)


-- Thêm dữ liệu điểm danh vào đây


--DELETE THONGTINNO
--DELETE BIENLAITHUHOCPHI
--DELETE BIENLAITRALUONG
--DELETE DIEMDANH
--DELETE BUOIHOC
--DELETE LOPHOC
--DELETE MONHOC
--DELETE GIAOVIEN
--DELETE HOCVIEN
--DELETE MUCHOCPHI
--DELETE MUCTHANHTOAN